hh_ID,n_hh,n_waa,n_child,n_aged,csec,all_school,region,cropprod,landsize,mo_lowfood
776,10,5,4,1,0,0,3,23.17,6.07,6
1164,6,2,3,1,0,1,3,18.85,5.67,6
1673,6,3,4,0,0,0,5,17.31,0.4,0
1015,4,2,1,1,0,0,4,15.39,0.81,2
798,7,2,4,1,0,0,3,13.16,4.05,8
1315,4,2,1,1,0,1,1,11.8,4.05,0
1298,4,2,1,1,0,1,4,10.12,5.67,10
1680,2,2,1,0,1,0,1,10.08,2.02,0
724,3,0,1,2,0,1,3,9.95,3.24,0
335,8,3,3,2,0,0,1,9.86,0.81,4
1011,5,3,1,1,0,0,4,9.47,4.05,10
269,9,2,5,2,1,0,3,9.44,2.43,12
1085,3,1,1,1,0,0,4,9.15,2.43,0
111,13,7,3,3,0,0,1,8.82,2.02,2
1162,6,2,3,1,0,1,4,8.62,2.02,2
62,10,2,4,4,0,1,3,8.58,8.9,0
933,5,2,2,1,0,0,4,8.06,2.83,2
684,5,2,1,2,0,1,4,7.96,2.43,10
1073,3,1,1,1,0,0,4,7.9,2.83,6
1129,7,2,4,1,0,1,1,7.79,2.43,0
301,8,2,4,2,0,0,4,7.77,3.24,8
72,20,6,11,3,0,0,4,7.71,3.24,4
1623,4,2,2,0,0,1,3,7.61,4.86,0
562,7,2,3,2,0,1,4,7.58,5.26,0
1237,5,2,2,1,0,1,3,7.45,8.09,0
1701,0,1,3,0,1,0,6,7.42,2.83,0
1702,0,1,3,0,1,0,6,7.42,2.83,0
459,6,3,1,2,0,0,4,7.24,4.86,4
1358,9,3,6,0,0,0,1,6.84,2.33,2
758,9,3,5,1,0,0,4,6.68,5.67,0
1404,6,2,4,0,0,0,1,6.67,2.02,0
509,10,2,6,2,0,1,1,6.66,2.02,0
1411,7,4,3,0,1,0,4,6.64,8.09,0
1053,4,2,1,1,0,0,3,6.5,2.02,0
267,9,2,5,2,0,0,4,6.07,5.26,6
609,6,2,2,2,0,1,4,6.03,3.24,0
171,6,2,1,3,0,0,4,5.92,4.05,10
1232,5,2,2,1,0,1,1,5.91,4.05,0
678,5,2,1,2,0,1,4,5.9,3.64,2
84,10,2,5,3,0,0,4,5.83,4.86,6
41,9,1,4,4,0,0,3,5.82,3.24,6
991,4,1,2,1,0,0,3,5.81,7.28,0
247,10,2,6,2,0,0,4,5.67,8.09,8
1569,5,2,3,0,1,1,1,5.63,1.21,8
406,6,2,2,2,0,0,3,5.58,2.43,4
1314,4,2,1,1,0,1,1,5.46,2.43,0
923,6,3,2,1,0,0,4,5.32,8.09,0
1124,7,2,4,1,0,1,3,5.21,7.69,8
1134,7,2,4,1,0,1,4,5.18,6.07,0
1147,7,3,3,1,0,1,3,5.12,9.71,0
230,6,2,1,3,0,1,4,5.08,8.09,0
561,7,2,3,2,0,1,3,5.02,5.26,0
1139,5,0,4,1,0,1,4,4.86,8.09,0
1244,5,2,2,1,1,1,5,4.84,0.81,0
1293,4,2,1,1,0,1,3,4.8,4.86,4
865,6,2,3,1,0,0,4,4.75,6.47,4
1622,4,2,2,0,0,1,3,4.74,9.31,0
881,6,2,3,1,0,0,4,4.72,7.28,6
173,6,2,1,3,0,0,3,4.7,8.09,0
1114,7,2,4,1,0,1,1,4.69,2.02,10
55,6,0,2,4,0,0,3,4.69,6.07,8
851,6,2,3,1,1,0,2,4.67,4.86,8
1432,5,2,3,0,0,0,4,4.6,4.05,8
429,6,2,2,2,0,0,4,4.6,2.02,0
860,6,2,3,1,0,0,3,4.56,4.05,2
845,7,3,3,1,0,0,3,4.4,3.24,0
739,10,3,6,1,0,0,3,4.38,9.31,0
1250,4,1,2,1,0,1,3,4.32,8.09,4
1068,3,1,1,1,0,0,3,4.31,4.05,6
1044,4,2,1,1,1,0,1,4.31,1.42,0
783,8,3,4,1,0,0,3,4.29,6.07,6
444,4,0,2,2,1,0,2,4.25,0.4,10
825,6,1,4,1,0,0,3,4.24,8.09,0
1427,5,2,3,0,0,0,4,4.16,4.45,10
1419,5,2,3,0,0,0,4,4.15,2.83,4
289,10,4,4,2,0,0,3,4.12,6.07,6
1099,8,2,5,1,1,1,1,4.12,2.02,6
537,10,5,3,2,0,1,6,4.01,8.09,6
538,10,5,3,2,0,1,6,4.01,8.09,6
327,7,1,4,2,0,0,3,3.99,6.07,0
1354,10,2,8,0,0,0,5,3.89,1.62,8
166,7,3,1,3,0,0,3,3.87,6.07,6
1178,5,1,3,1,0,1,4,3.85,9.31,0
243,12,4,6,2,0,0,3,3.82,6.07,0
578,7,3,2,2,0,1,4,3.8,7.28,0
857,6,2,3,1,0,0,3,3.79,4.05,12
1005,3,0,2,1,0,0,6,3.78,0.4,0
1514,3,2,1,0,0,0,3,3.77,3.24,10
1238,5,2,2,1,0,1,3,3.77,4.86,0
1010,5,3,1,1,0,0,3,3.67,8.09,6
1159,6,2,3,1,0,1,4,3.67,2.43,8
345,7,2,3,2,1,0,1,3.65,4.05,6
994,4,1,2,1,0,0,4,3.61,3.24,0
821,6,1,4,1,0,0,4,3.6,3.24,8
386,7,2,3,2,0,0,4,3.59,6.07,0
762,8,2,5,1,0,0,3,3.58,6.07,4
1270,5,3,1,1,0,1,4,3.58,8.09,0
730,11,3,7,1,0,0,6,3.57,4.05,0
1051,4,2,1,1,0,0,3,3.57,3.64,0
190,9,3,3,3,1,1,2,3.54,2.02,6
702,5,2,1,2,0,1,4,3.54,4.86,0
324,7,1,4,2,0,0,3,3.53,2.02,12
920,6,3,2,1,1,0,4,3.52,4.45,2
259,10,3,5,2,0,0,4,3.5,6.07,4
848,7,3,3,1,0,0,4,3.47,2.83,0
952,5,2,2,1,0,0,4,3.46,3.24,10
109,7,0,4,3,0,0,3,3.46,6.88,4
676,5,2,1,2,0,1,4,3.44,3.24,2
680,5,2,1,2,0,1,4,3.44,3.24,6
294,9,3,4,2,0,0,3,3.43,8.09,6
1620,4,2,2,0,0,1,1,3.43,1.21,0
1375,6,1,5,0,0,0,3,3.42,6.07,4
1459,5,3,2,0,0,0,3,3.42,7.28,8
1704,4,0,9,0,1,0,3,3.41,4.05,0
932,5,2,2,1,0,0,4,3.4,3.24,4
1374,7,2,5,0,0,0,1,3.39,1.21,0
29,9,2,2,5,0,1,4,3.38,9.71,2
187,9,2,4,3,0,1,6,3.36,8.09,6
1587,5,2,3,0,0,1,3,3.33,5.67,0
1524,3,2,1,0,1,0,1,3.32,0.81,0
718,3,0,1,2,0,1,4,3.32,1.62,10
61,5,0,1,4,0,0,3,3.3,8.09,0
1481,4,2,2,0,0,0,4,3.3,2.02,10
1633,7,6,1,0,1,1,2,3.29,4.05,0
1412,6,3,3,0,0,0,1,3.26,2.02,4
318,8,2,4,2,0,0,4,3.25,2.02,0
1292,4,2,1,1,0,1,3,3.25,8.5,6
1084,3,1,1,1,0,0,4,3.24,0.81,0
1580,5,2,3,0,0,1,3,3.24,4.05,6
400,6,2,2,2,0,0,1,3.24,0.81,2
1667,6,2,5,0,0,0,3,3.24,6.07,4
1616,4,2,2,0,0,1,4,3.23,4.05,10
510,10,2,6,2,1,1,2,3.22,8.09,0
1368,7,2,5,0,0,0,4,3.22,2.02,2
1713,2,1,11,0,0,0,3,3.21,6.07,0
94,10,3,4,3,0,0,4,3.2,8.09,4
1296,4,2,1,1,1,1,4,3.2,2.43,4
1611,4,2,2,0,0,1,3,3.18,8.09,4
1617,4,2,2,0,0,1,4,3.18,8.09,10
1058,3,1,1,1,0,0,1,3.18,4.05,6
535,10,5,3,2,1,1,4,3.17,2.83,1
528,8,2,4,2,0,1,1,3.15,1.01,0
1113,7,2,4,1,0,1,1,3.12,1.21,2
122,8,2,3,3,0,0,3,3.09,8.09,6
992,4,1,2,1,0,0,3,3.09,8.09,0
1026,4,2,1,1,0,0,3,3.08,6.47,10
432,6,2,2,2,0,0,3,3.08,4.05,0
1433,5,2,3,0,0,0,4,3.05,8.09,6
805,7,2,4,1,0,0,4,3.05,2.83,4
788,7,2,4,1,0,0,1,3.05,2.02,6
789,7,2,4,1,0,0,1,3.05,2.02,6
890,6,2,3,1,0,0,3,3.04,3.64,0
127,8,2,3,3,0,0,4,3.04,8.09,2
292,10,4,4,2,1,0,3,3.04,5.67,0
615,6,2,2,2,1,1,6,3.03,5.67,0
1094,10,3,6,1,1,1,1,3.02,1.62,6
1467,4,2,2,0,0,0,4,3.02,6.47,4
184,11,4,4,3,1,1,1,3.02,1.21,0
1152,6,2,3,1,0,1,1,3,2.02,6
319,8,2,4,2,0,0,3,3,8.09,0
241,11,2,7,2,0,0,4,2.97,7.28,4
574,7,3,2,2,0,1,4,2.94,1.62,2
1608,4,2,2,0,0,1,1,2.93,0.81,2
1112,7,2,4,1,1,1,1,2.91,0.81,4
1022,4,2,1,1,0,0,3,2.91,6.07,6
1275,4,2,1,1,1,1,1,2.9,1.21,4
1138,6,1,4,1,0,1,1,2.9,1.21,0
1710,0,3,4,0,1,0,1,2.89,4.05,4
1547,6,2,4,0,1,1,1,2.89,1.62,4
1234,5,2,2,1,0,1,1,2.89,1.82,0
1176,5,1,3,1,0,1,3,2.88,3.24,0
1438,5,2,3,0,0,0,1,2.87,0.81,0
1271,5,3,1,1,0,1,4,2.87,8.09,0
995,3,0,2,1,0,0,1,2.85,2.02,4
750,13,7,5,1,0,0,1,2.85,2.02,4
1577,5,2,3,0,0,1,4,2.85,2.43,8
15,12,3,4,5,0,0,4,2.83,2.83,8
1111,7,2,4,1,1,1,1,2.83,1.21,6
918,6,3,2,1,0,0,4,2.8,0.81,2
1369,7,2,5,0,1,0,4,2.79,6.07,2
77,12,3,6,3,1,0,1,2.79,2.43,0
1191,6,3,2,1,0,1,4,2.79,2.02,10
1048,4,2,1,1,0,0,3,2.76,4.86,0
217,5,0,2,3,0,1,1,2.76,2.02,0
729,11,3,7,1,0,0,3,2.75,8.9,0
666,5,2,1,2,0,1,4,2.75,6.07,4
1566,6,3,3,0,0,1,2,2.74,8.09,0
793,7,2,4,1,0,0,4,2.74,8.09,2
1158,6,2,3,1,0,1,4,2.74,2.43,4
958,5,2,2,1,0,0,4,2.74,8.09,6
577,7,3,2,2,0,1,3,2.74,8.09,4
650,5,2,1,2,1,1,1,2.72,0.81,6
554,7,2,3,2,0,1,4,2.72,2.02,10
1341,3,1,1,1,1,1,1,2.7,0.81,0
1126,7,2,4,1,0,1,4,2.7,2.83,6
382,7,2,3,2,0,0,2,2.7,2.02,0
903,5,1,3,1,0,0,4,2.7,4.05,10
385,7,2,3,2,0,0,4,2.69,2.02,0
1034,4,2,1,1,0,0,4,2.69,1.62,10
571,8,4,2,2,0,1,3,2.68,9.71,6
1177,5,1,3,1,0,1,3,2.67,6.07,0
1468,4,2,2,0,0,0,4,2.67,2.43,2
1274,4,2,1,1,0,1,1,2.66,1.21,4
433,6,2,2,2,0,0,4,2.64,2.43,0
1317,4,2,1,1,1,1,2,2.63,8.09,0
296,9,3,4,2,0,0,4,2.62,4.05,8
1588,5,2,3,0,0,1,3,2.62,4.05,0
832,8,4,3,1,0,0,4,2.61,3.24,6
993,4,1,2,1,0,0,3,2.6,2.02,0
971,5,2,2,1,0,0,3,2.59,6.07,0
121,9,3,3,3,0,0,3,2.59,5.67,0
1107,8,3,4,1,1,1,1,2.59,2.02,4
924,6,3,2,1,0,0,3,2.58,6.47,0
1682,0,0,1,0,0,0,3,2.57,8.09,0
1548,6,2,4,0,0,1,2,2.57,4.05,2
479,5,2,1,2,0,0,4,2.57,4.05,6
74,12,1,8,3,1,0,1,2.57,2.02,4
669,5,2,1,2,0,1,3,2.56,2.43,6
1239,5,2,2,1,0,1,3,2.55,8.09,0
1246,4,1,2,1,0,1,4,2.54,2.83,2
222,6,2,1,3,1,1,2,2.54,4.45,4
1696,1,2,1,0,1,1,6,2.53,4.45,1
772,8,2,5,1,0,0,3,2.53,2.02,0
1295,4,2,1,1,0,1,4,2.53,2.02,10
999,3,0,2,1,0,0,4,2.52,1.62,2
1539,7,2,5,0,0,1,1,2.51,2.02,6
180,4,0,1,3,0,0,3,2.51,6.07,2
1225,5,2,2,1,0,1,4,2.5,8.5,8
891,6,2,3,1,0,0,3,2.5,4.05,0
1098,8,2,5,1,0,1,1,2.49,1.01,8
697,5,2,1,2,1,1,6,2.49,4.45,1
661,5,2,1,2,0,1,4,2.49,1.62,8
975,5,2,2,1,0,0,4,2.48,3.24,0
1035,4,2,1,1,0,0,4,2.46,3.24,10
622,5,1,2,2,0,1,4,2.44,1.21,6
774,7,1,5,1,0,0,4,2.44,8.9,10
1416,6,3,3,0,0,0,4,2.44,2.43,4
157,6,1,2,3,0,0,4,2.43,4.45,4
888,6,2,3,1,0,0,4,2.43,4.05,0
1642,4,3,1,0,0,1,4,2.43,2.83,6
872,6,2,3,1,0,0,4,2.43,4.05,2
929,5,2,2,1,0,0,4,2.42,3.64,6
794,7,2,4,1,0,0,4,2.42,2.43,2
1572,5,2,3,0,0,1,2,2.41,6.07,4
197,6,0,3,3,0,1,3,2.41,3.24,2
1387,6,2,4,0,0,0,3,2.39,7.28,4
979,4,1,2,1,0,0,4,2.39,3.24,6
866,6,2,3,1,0,0,4,2.38,2.02,6
462,6,3,1,2,0,0,4,2.38,4.05,6
93,10,3,4,3,0,0,1,2.38,2.02,4
642,6,3,1,2,0,1,4,2.38,8.9,4
1397,6,2,4,0,0,0,4,2.37,3.24,4
1009,5,3,1,1,0,0,3,2.37,4.86,6
1377,6,1,5,0,0,0,3,2.37,4.86,0
550,7,2,3,2,0,1,3,2.36,7.28,10
1687,2,1,3,0,0,0,3,2.36,3.64,2
442,5,1,2,2,0,0,6,2.36,2.83,2
1600,5,3,2,0,0,1,3,2.34,2.02,12
76,12,3,6,3,0,0,5,2.33,4.86,10
1708,3,2,7,0,0,0,4,2.32,8.09,6
1439,5,2,3,0,0,0,4,2.32,5.26,0
1405,6,2,4,0,1,0,6,2.32,8.09,0
414,6,2,2,2,0,0,4,2.32,2.02,2
570,9,5,2,2,0,1,4,2.32,2.02,0
1649,3,2,1,0,0,1,3,2.31,8.9,6
673,5,2,1,2,0,1,3,2.31,5.26,4
846,7,3,3,1,0,0,4,2.3,2.43,0
1054,4,2,1,1,0,0,4,2.3,4.86,0
606,6,2,2,2,0,1,1,2.3,1.42,0
631,4,0,2,2,0,1,2,2.3,6.07,6
886,6,2,3,1,0,0,1,2.29,2.02,0
761,8,2,5,1,0,0,4,2.29,1.62,6
1592,4,1,3,0,0,1,4,2.29,3.24,4
898,6,2,3,1,0,0,4,2.28,2.02,0
1215,5,2,2,1,0,1,4,2.28,5.26,4
1193,6,3,2,1,0,1,4,2.28,4.86,10
235,4,0,1,3,0,1,3,2.28,7.28,10
1060,3,1,1,1,0,0,4,2.27,1.21,4
1644,3,2,1,0,0,1,4,2.27,2.02,4
638,6,3,1,2,0,1,4,2.27,2.43,8
1565,6,3,3,0,0,1,3,2.26,6.07,8
1323,4,2,1,1,0,1,4,2.26,4.05,0
1494,3,1,2,0,0,0,3,2.26,2.43,6
836,7,3,3,1,0,0,3,2.25,4.45,4
1046,4,2,1,1,0,0,3,2.25,4.05,0
471,5,2,1,2,0,0,3,2.24,4.05,6
829,10,6,3,1,0,0,5,2.23,1.21,2
1091,2,0,1,1,0,0,3,2.22,8.09,0
625,5,1,2,2,0,1,3,2.21,2.83,8
942,5,2,2,1,0,0,4,2.21,3.64,6
820,7,2,4,1,0,0,4,2.21,3.24,0
983,4,1,2,1,1,0,3,2.2,3.64,2
742,9,2,6,1,1,0,4,2.2,3.24,10
257,13,6,5,2,0,0,4,2.19,8.09,0
463,6,3,1,2,0,0,3,2.19,4.05,0
613,6,2,2,2,0,1,4,2.18,8.09,0
468,5,2,1,2,0,0,3,2.18,4.05,6
1108,8,3,4,1,0,1,1,2.17,2.23,4
945,5,2,2,1,0,0,4,2.17,4.05,8
847,7,3,3,1,0,0,4,2.16,8.09,0
1095,10,3,6,1,0,1,2,2.16,4.05,6
1039,4,2,1,1,0,0,4,2.16,2.02,6
1150,6,2,3,1,0,1,1,2.16,3.24,4
465,5,2,1,2,0,0,4,2.16,6.88,6
424,6,2,2,2,0,0,6,2.15,8.09,2
897,6,2,3,1,0,0,4,2.15,4.86,0
1632,3,1,2,0,0,1,4,2.15,4.05,0
1407,5,1,4,0,0,0,4,2.14,4.45,6
6,18,2,10,6,0,0,4,2.14,4.45,4
1106,9,4,4,1,0,1,2,2.14,1.62,0
229,6,2,1,3,0,1,4,2.14,4.05,0
120,9,3,3,3,0,0,4,2.14,8.09,4
548,7,2,3,2,0,1,4,2.13,2.02,4
344,8,3,3,2,0,0,4,2.13,2.83,0
231,6,2,1,3,0,1,4,2.13,8.09,0
648,5,2,1,2,0,1,1,2.13,0.81,4
521,8,2,4,2,0,1,2,2.12,6.07,8
321,8,2,4,2,0,0,3,2.12,6.07,0
1200,5,2,2,1,1,1,1,2.12,0.81,4
1299,4,2,1,1,0,1,4,2.11,4.05,10
859,6,2,3,1,0,0,3,2.11,8.09,6
1049,4,2,1,1,0,0,3,2.11,2.43,0
131,8,2,3,3,0,0,5,2.1,8.09,4
964,5,2,2,1,0,0,4,2.09,8.09,4
1507,4,3,1,0,1,0,4,2.08,1.21,8
1311,4,2,1,1,0,1,4,2.08,4.05,4
1484,4,2,2,0,0,0,4,2.08,3.24,4
1575,5,2,3,0,0,1,2,2.08,6.07,2
1013,5,3,1,1,0,0,4,2.07,4.05,0
617,6,2,2,2,0,1,5,2.07,6.07,0
225,6,2,1,3,0,1,4,2.07,2.43,2
1261,8,6,1,1,0,1,4,2.07,4.45,0
1558,8,5,3,0,0,1,1,2.07,1.21,6
140,6,0,3,3,0,0,4,2.06,2.43,0
714,4,1,1,2,0,1,4,2.05,2.43,0
159,6,1,2,3,0,0,4,2.05,3.24,6
1290,4,2,1,1,0,1,4,2.04,2.43,4
926,5,2,2,1,0,0,1,2.04,2.02,8
752,11,5,5,1,0,0,1,2.04,2.02,4
397,8,4,2,2,0,0,4,2.04,3.24,0
1100,8,2,5,1,0,1,1,2.04,1.21,4
332,9,4,3,2,0,0,1,2.03,1.21,2
1332,3,1,1,1,0,1,3,2.03,1.62,6
850,6,2,3,1,0,0,1,2.02,0.81,4
384,7,2,3,2,0,0,3,2.02,3.24,0
516,10,4,4,2,0,1,2,2.02,8.09,2
1184,8,5,2,1,0,1,1,2.02,1.62,4
700,5,2,1,2,1,1,3,2.02,2.43,0
155,7,2,2,3,0,0,4,2.02,4.05,0
948,5,2,2,1,0,0,4,2.01,5.67,4
579,6,2,2,2,0,1,2,2.01,6.07,8
57,6,0,2,4,0,0,4,2.01,2.02,0
1631,3,1,2,0,0,1,1,2,1.62,0
1249,4,1,2,1,0,1,3,2,4.05,10
306,8,2,4,2,0,0,4,2,1.21,8
427,6,2,2,2,1,0,5,2,4.05,10
334,9,4,3,2,0,0,5,2,8.09,10
1031,4,2,1,1,0,0,4,1.99,4.05,2
1352,11,2,9,0,0,0,5,1.99,4.05,6
1025,4,2,1,1,0,0,3,1.98,4.05,4
1541,7,2,5,0,1,1,2,1.98,8.09,0
1282,4,2,1,1,0,1,4,1.98,1.21,8
1634,7,6,1,0,1,1,2,1.98,8.09,0
1584,5,2,3,0,1,1,1,1.98,0.81,0
288,11,5,4,2,0,0,4,1.97,3.24,6
1555,6,2,4,0,0,1,3,1.97,4.05,0
943,5,2,2,1,0,0,4,1.97,5.26,8
99,9,2,4,3,0,0,2,1.97,1.62,6
104,9,2,4,3,0,0,5,1.97,4.05,4
937,5,2,2,1,0,0,3,1.96,4.45,2
1144,7,3,3,1,0,1,4,1.95,2.43,10
896,6,2,3,1,0,0,4,1.94,6.07,0
1116,7,2,4,1,1,1,2,1.94,6.07,2
66,8,2,2,4,0,1,6,1.94,4.86,0
268,9,2,5,2,0,0,3,1.93,4.05,4
1173,6,2,3,1,0,1,4,1.91,2.02,0
649,5,2,1,2,1,1,1,1.91,1.21,4
214,6,1,2,3,0,1,6,1.91,2.83,0
215,6,1,2,3,0,1,6,1.91,2.83,0
1440,5,2,3,0,0,0,4,1.9,1.62,0
1133,7,2,4,1,0,1,2,1.9,1.62,0
1328,3,1,1,1,0,1,4,1.9,9.31,8
1694,1,1,2,0,0,1,4,1.89,1.62,4
946,5,2,2,1,0,0,4,1.89,4.05,10
1607,4,2,2,0,0,1,1,1.89,2.02,4
1172,6,2,3,1,1,1,1,1.89,1.42,0
1032,4,2,1,1,0,0,4,1.89,0.4,10
455,4,0,2,2,0,0,4,1.89,4.05,6
238,13,3,8,2,0,0,4,1.89,1.62,10
1466,5,3,2,0,0,0,1,1.89,0.4,0
126,8,2,3,3,0,0,4,1.89,4.45,10
64,8,1,3,4,0,1,2,1.89,8.09,10
1474,4,2,2,0,0,0,3,1.88,6.47,6
192,8,2,3,3,0,1,4,1.87,2.43,6
355,7,2,3,2,0,0,3,1.87,4.05,12
1683,9,4,7,0,0,0,5,1.87,2.83,4
134,8,2,3,3,0,0,4,1.87,4.05,0
38,11,3,4,4,0,0,4,1.87,8.09,6
1513,3,2,1,0,0,0,3,1.87,2.43,6
30,12,0,8,4,1,0,6,1.87,5.26,4
360,7,2,3,2,0,0,4,1.86,6.07,2
740,9,2,6,1,0,0,4,1.86,1.21,6
1669,7,4,4,0,0,0,4,1.86,2.43,2
871,6,2,3,1,0,0,4,1.86,3.64,4
944,5,2,2,1,0,0,4,1.86,4.05,8
930,5,2,2,1,0,0,4,1.86,2.43,2
149,7,2,2,3,0,0,4,1.86,2.43,4
333,9,4,3,2,0,0,4,1.85,6.07,4
1470,4,2,2,0,0,0,4,1.85,1.62,10
950,5,2,2,1,0,0,4,1.85,6.07,10
826,11,7,3,1,0,0,4,1.84,2.43,8
1630,3,1,2,0,0,1,4,1.84,3.64,4
970,5,2,2,1,0,0,3,1.84,7.69,0
1674,5,2,4,0,0,0,4,1.84,4.45,8
815,7,2,4,1,0,0,3,1.84,4.86,0
1160,6,2,3,1,0,1,4,1.83,0.81,8
428,6,2,2,2,0,0,1,1.83,0.61,0
940,5,2,2,1,0,0,3,1.83,4.05,12
411,6,2,2,2,0,0,3,1.83,4.05,6
124,8,2,3,3,0,0,4,1.83,6.07,6
1678,3,2,2,0,0,0,4,1.82,1.62,6
1214,5,2,2,1,0,1,4,1.82,3.24,6
193,8,2,3,3,0,1,4,1.82,5.26,10
887,6,2,3,1,0,0,2,1.82,7.69,0
1688,1,1,2,0,1,0,4,1.82,1.62,2
198,9,4,2,3,0,1,4,1.82,2.83,2
7,15,3,6,6,0,0,1,1.82,0.81,6
439,5,1,2,2,0,0,3,1.81,4.05,6
530,8,2,4,2,0,1,4,1.81,4.05,0
633,8,5,1,2,0,1,5,1.8,4.05,4
1187,7,4,2,1,0,1,4,1.8,2.83,10
426,6,2,2,2,0,0,5,1.8,4.05,4
119,9,3,3,3,0,0,4,1.79,2.02,6
921,6,3,2,1,0,0,4,1.79,3.64,8
1443,5,2,3,0,0,0,4,1.79,1.21,0
1141,8,4,3,1,0,1,4,1.79,4.05,10
115,10,4,3,3,0,0,4,1.79,2.02,4
97,10,3,4,3,0,0,4,1.79,2.43,4
1458,5,3,2,0,0,0,3,1.78,6.88,6
1638,5,4,1,0,1,1,2,1.78,8.09,0
1241,5,2,2,1,0,1,4,1.78,4.05,0
1301,4,2,1,1,0,1,4,1.78,8.09,8
1125,7,2,4,1,0,1,4,1.77,3.24,8
852,6,2,3,1,0,0,4,1.77,1.21,2
498,4,1,1,2,0,0,4,1.77,0.81,2
841,7,3,3,1,0,0,6,1.77,4.05,6
652,5,2,1,2,0,1,1,1.77,0.81,2
1379,10,6,4,0,0,0,5,1.76,1.62,8
1380,10,6,4,0,0,0,5,1.76,1.62,8
1518,3,2,1,0,0,0,4,1.76,4.05,4
494,5,2,1,2,0,0,4,1.75,2.43,0
790,7,2,4,1,0,0,1,1.75,2.02,2
1488,4,2,2,0,0,0,3,1.75,2.43,0
641,6,3,1,2,0,1,4,1.75,6.47,8
65,8,2,2,4,0,1,3,1.74,4.86,6
645,6,3,1,2,0,1,4,1.74,1.62,0
1029,4,2,1,1,0,0,4,1.74,4.05,8
1056,4,2,1,1,1,0,4,1.74,2.83,0
1090,2,0,1,1,0,0,1,1.74,2.02,2
936,5,2,2,1,0,0,3,1.74,5.26,8
598,6,2,2,2,0,1,4,1.73,8.09,6
1201,5,2,2,1,1,1,1,1.73,1.62,2
1366,8,3,5,0,0,0,5,1.73,2.43,8
403,6,2,2,2,0,0,4,1.73,2.83,8
647,5,2,1,2,0,1,1,1.73,2.02,4
753,10,4,5,1,0,0,5,1.73,6.47,6
533,6,0,4,2,0,1,4,1.73,4.05,2
1017,4,2,1,1,0,0,4,1.73,2.02,8
1610,4,2,2,0,0,1,4,1.73,1.62,8
106,9,2,4,3,0,0,5,1.73,2.43,2
1711,4,10,2,0,0,1,2,1.73,6.07,10
456,4,0,2,2,0,0,3,1.72,8.5,0
957,5,2,2,1,0,0,4,1.72,3.64,4
726,14,5,8,1,0,0,6,1.72,3.24,4
1692,0,1,1,0,0,0,3,1.72,4.05,6
671,5,2,1,2,0,1,3,1.71,2.43,8
895,6,2,3,1,0,0,4,1.71,2.43,0
1345,2,0,1,1,0,1,4,1.71,0.81,4
775,12,7,4,1,0,0,5,1.71,4.05,2
637,6,3,1,2,1,1,2,1.7,3.24,2
569,9,5,2,2,0,1,2,1.7,6.88,4
1028,4,2,1,1,0,0,4,1.7,2.02,10
854,6,2,3,1,0,0,4,1.7,2.43,6
867,6,2,3,1,0,0,4,1.7,2.43,10
1168,6,2,3,1,0,1,4,1.7,4.86,4
1614,4,2,2,0,0,1,4,1.69,4.86,4
656,5,2,1,2,0,1,4,1.69,1.21,2
487,5,2,1,2,0,0,4,1.69,5.67,10
639,6,3,1,2,1,1,4,1.69,2.83,4
101,9,2,4,3,0,0,3,1.69,3.24,6
542,7,2,3,2,0,1,1,1.69,1.21,6
520,8,2,4,2,0,1,1,1.69,0.81,2
154,7,2,2,3,0,0,4,1.69,1.62,0
864,6,2,3,1,0,0,4,1.69,6.07,8
1523,3,2,1,0,0,0,4,1.68,1.62,10
1517,3,2,1,0,0,0,4,1.68,4.05,10
20,9,2,2,5,0,0,3,1.68,3.64,0
800,7,2,4,1,0,0,4,1.67,3.24,4
227,6,2,1,3,0,1,5,1.67,8.09,4
1551,6,2,4,0,1,1,2,1.67,4.86,4
1605,4,2,2,0,0,1,1,1.67,1.21,4
150,7,2,2,3,0,0,4,1.67,2.02,6
365,7,2,3,2,0,0,4,1.67,6.07,4
1583,5,2,3,0,0,1,4,1.67,6.07,8
636,6,3,1,2,0,1,1,1.66,2.02,2
767,8,2,5,1,0,0,6,1.66,2.43,4
1190,6,3,2,1,0,1,4,1.66,4.05,6
513,9,2,5,2,0,1,2,1.66,2.43,8
560,7,2,3,2,0,1,4,1.65,3.24,0
1454,5,3,2,0,0,0,1,1.65,2.02,4
732,10,2,7,1,0,0,5,1.65,4.86,4
746,9,2,6,1,1,0,2,1.65,4.86,0
558,7,2,3,2,1,1,2,1.65,6.07,0
383,7,2,3,2,0,0,3,1.64,3.24,0
1142,7,3,3,1,1,1,1,1.64,2.02,4
1615,4,2,2,0,0,1,4,1.63,4.05,10
175,6,2,1,3,0,0,4,1.63,6.07,0
2,15,4,2,9,0,1,4,1.63,5.26,0
514,9,2,5,2,1,1,2,1.63,6.07,8
1006,7,5,1,1,0,0,3,1.62,2.02,4
901,5,1,3,1,0,0,2,1.62,6.07,6
185,10,3,4,3,0,1,6,1.62,6.07,6
1309,4,2,1,1,0,1,4,1.61,4.05,6
1104,9,4,4,1,0,1,1,1.61,2.02,2
446,4,0,2,2,1,0,4,1.61,2.83,10
863,6,2,3,1,0,0,4,1.61,2.83,4
1357,11,5,6,0,0,0,5,1.61,1.62,2
935,5,2,2,1,1,0,3,1.61,4.05,10
1182,9,6,2,1,0,1,4,1.6,2.02,6
1047,4,2,1,1,0,0,3,1.6,4.05,0
875,6,2,3,1,0,0,4,1.6,2.43,4
226,6,2,1,3,0,1,4,1.6,3.24,8
1553,6,2,4,0,1,1,1,1.6,2.02,0
651,5,2,1,2,0,1,1,1.6,1.62,4
701,5,2,1,2,0,1,3,1.6,4.86,0
1235,5,2,2,1,0,1,2,1.6,4.05,0
1391,6,2,4,0,0,0,4,1.6,4.05,2
1564,7,4,3,0,0,1,3,1.59,2.83,0
1364,10,5,5,0,0,0,5,1.59,4.05,10
771,8,2,5,1,0,0,2,1.59,2.02,0
953,5,2,2,1,0,0,4,1.59,1.21,4
56,6,0,2,4,0,0,4,1.59,8.09,6
928,5,2,2,1,0,0,4,1.58,2.43,4
418,6,2,2,2,0,0,4,1.58,4.05,10
522,8,2,4,2,0,1,2,1.58,4.05,6
11,18,7,6,5,0,0,5,1.58,1.62,10
1663,2,1,1,0,0,1,4,1.58,4.05,4
1,16,5,1,10,0,1,5,1.57,2.02,0
1661,2,1,1,0,0,1,4,1.57,4.86,10
840,7,3,3,1,0,0,4,1.57,6.88,10
1248,4,1,2,1,0,1,3,1.57,4.05,6
1186,8,5,2,1,0,1,4,1.57,1.21,4
347,7,2,3,2,0,0,1,1.57,1.21,8
804,7,2,4,1,0,0,4,1.57,1.21,10
346,7,2,3,2,1,0,1,1.57,2.02,4
339,8,3,3,2,0,0,3,1.56,5.67,4
401,6,2,2,2,0,0,4,1.56,4.05,2
1012,5,3,1,1,0,0,4,1.56,3.24,4
1392,6,2,4,0,0,0,4,1.56,4.05,6
754,10,4,5,1,0,0,5,1.56,2.43,8
1582,5,2,3,0,0,1,4,1.56,2.43,4
1554,6,2,4,0,0,1,1,1.55,2.02,0
466,5,2,1,2,0,0,4,1.55,2.43,4
356,7,2,3,2,0,0,4,1.55,4.05,4
1153,6,2,3,1,0,1,1,1.55,0.4,6
1519,3,2,1,0,0,0,4,1.55,1.62,10
1163,6,2,3,1,0,1,3,1.55,3.64,8
1436,5,2,3,0,0,0,5,1.54,1.21,4
1264,5,3,1,1,0,1,4,1.54,3.64,2
607,6,2,2,2,0,1,3,1.54,2.83,0
1414,6,3,3,0,0,0,3,1.54,4.05,8
478,5,2,1,2,0,0,4,1.53,2.43,10
1231,5,2,2,1,1,1,1,1.53,2.02,0
590,6,2,2,2,0,1,4,1.53,4.86,10
1476,4,2,2,0,0,0,3,1.53,1.62,12
1079,3,1,1,1,0,0,1,1.53,0.81,0
1081,3,1,1,1,0,0,4,1.52,2.83,0
557,7,2,3,2,1,1,2,1.52,1.21,0
1590,5,2,3,0,0,1,6,1.51,4.05,0
781,9,4,4,1,0,0,3,1.51,1.62,0
1130,7,2,4,1,1,1,2,1.51,0.81,0
1236,5,2,2,1,0,1,4,1.51,1.21,0
491,5,2,1,2,0,0,4,1.5,3.24,0
287,12,6,4,2,0,0,2,1.5,2.02,0
1078,3,1,1,1,0,0,4,1.5,2.02,8
341,8,3,3,2,1,0,4,1.5,2.43,6
35,13,4,5,4,0,0,1,1.5,1.21,4
1008,6,4,1,1,0,0,4,1.5,5.67,10
362,7,2,3,2,0,0,4,1.5,1.62,10
660,5,2,1,2,0,1,4,1.49,2.83,4
307,8,2,4,2,0,0,4,1.49,2.43,2
28,8,0,3,5,0,1,5,1.49,6.07,4
1516,3,2,1,0,0,0,4,1.49,2.43,8
951,5,2,2,1,0,0,4,1.49,1.21,10
1339,3,1,1,1,1,1,4,1.49,6.07,10
1596,6,4,2,0,0,1,3,1.49,2.83,8
741,9,2,6,1,0,0,4,1.48,2.43,4
492,5,2,1,2,1,0,3,1.48,1.62,0
1413,6,3,3,0,0,0,4,1.48,3.24,10
26,14,3,6,5,0,1,6,1.48,4.05,4
27,14,3,6,5,0,1,6,1.48,4.05,4
457,7,4,1,2,0,0,3,1.47,1.21,6
677,5,2,1,2,0,1,4,1.47,3.24,10
581,6,2,2,2,0,1,2,1.47,0.4,6
156,6,1,2,3,0,0,2,1.47,0.4,6
1624,4,2,2,0,0,1,4,1.47,2.02,0
415,6,2,2,2,0,0,4,1.47,2.83,6
1326,4,2,1,1,0,1,4,1.46,4.05,0
1425,5,2,3,0,0,0,3,1.46,2.43,2
378,7,2,3,2,0,0,5,1.46,2.43,4
1479,4,2,2,0,0,0,4,1.46,4.05,8
228,6,2,1,3,0,1,2,1.46,6.07,0
112,12,6,3,3,0,0,5,1.45,2.43,8
364,7,2,3,2,0,0,4,1.45,1.62,4
778,9,4,4,1,0,0,3,1.45,1.62,4
784,8,3,4,1,0,0,4,1.45,2.83,10
1504,3,1,2,0,0,0,4,1.45,1.62,0
176,6,2,1,3,0,0,4,1.45,6.07,0
874,6,2,3,1,0,0,4,1.45,3.64,6
1155,6,2,3,1,1,1,2,1.44,2.43,4
757,9,3,5,1,0,0,5,1.44,3.24,6
1087,3,1,1,1,0,0,4,1.44,2.43,0
763,8,2,5,1,0,0,4,1.44,2.43,10
1612,4,2,2,0,0,1,3,1.44,2.02,12
1030,4,2,1,1,0,0,4,1.44,6.88,10
316,8,2,4,2,0,0,5,1.43,0.81,10
1659,2,1,1,0,0,1,2,1.43,3.24,2
559,7,2,3,2,0,1,2,1.43,1.62,0
1646,3,2,1,0,0,1,3,1.43,4.45,2
1621,4,2,2,0,0,1,3,1.43,2.83,0
963,5,2,2,1,0,0,4,1.43,0.81,4
1131,7,2,4,1,0,1,2,1.43,4.05,0
1579,5,2,3,0,0,1,4,1.42,2.43,4
279,8,1,5,2,0,0,4,1.42,0.81,2
973,5,2,2,1,0,0,3,1.42,5.67,0
213,6,1,2,3,0,1,4,1.42,1.62,2
1536,12,2,10,0,1,1,1,1.42,0.81,2
770,8,2,5,1,0,0,1,1.42,1.21,0
504,3,0,1,2,0,0,3,1.41,3.24,4
167,6,2,1,3,0,0,3,1.41,3.24,2
3,15,4,4,7,0,0,5,1.41,4.05,6
611,6,2,2,2,0,1,4,1.41,4.05,0
799,7,2,4,1,0,0,4,1.41,4.05,6
1154,6,2,3,1,0,1,1,1.4,0.81,2
546,7,2,3,2,0,1,2,1.4,1.62,10
1486,4,2,2,0,0,0,4,1.4,1.21,0
738,10,3,6,1,0,0,4,1.4,0.81,6
843,7,3,3,1,0,0,5,1.4,1.21,8
1505,2,0,2,0,0,0,4,1.4,3.24,0
1027,4,2,1,1,0,0,3,1.39,3.24,8
472,5,2,1,2,0,0,3,1.39,2.43,6
1635,6,5,1,0,1,1,4,1.39,2.02,8
1067,3,1,1,1,0,0,3,1.39,1.62,4
1256,4,1,2,1,0,1,2,1.39,4.86,0
785,8,3,4,1,0,0,4,1.39,1.21,6
244,11,3,6,2,0,0,4,1.39,4.05,0
862,6,2,3,1,0,0,3,1.39,6.07,8
1585,5,2,3,0,0,1,1,1.38,2.02,0
338,8,3,3,2,0,0,3,1.38,6.07,12
302,8,2,4,2,0,0,4,1.38,2.02,6
1655,3,2,1,0,0,1,4,1.38,2.43,0
1360,8,2,6,0,1,0,2,1.38,3.24,6
1233,5,2,2,1,0,1,1,1.38,1.01,0
1699,2,3,2,0,0,1,4,1.38,4.05,4
1483,4,2,2,0,0,0,4,1.37,2.83,4
727,12,4,7,1,0,0,5,1.37,1.62,6
710,4,1,1,2,0,1,3,1.37,3.64,6
477,5,2,1,2,0,0,3,1.37,2.43,6
82,11,3,5,3,0,0,4,1.37,4.05,0
534,12,7,3,2,1,1,4,1.37,4.86,6
85,10,2,5,3,0,0,5,1.36,2.43,8
879,6,2,3,1,0,0,4,1.36,4.86,8
352,7,2,3,2,0,0,3,1.36,4.45,6
736,10,2,7,1,0,0,5,1.36,1.62,8
584,6,2,2,2,0,1,4,1.36,2.02,6
206,7,2,2,3,0,1,1,1.36,0.81,0
1668,8,5,4,0,0,0,5,1.35,4.05,4
24,17,5,7,5,0,1,6,1.35,3.64,10
25,17,5,7,5,0,1,6,1.35,3.64,8
1165,6,2,3,1,0,1,3,1.35,6.07,6
564,6,1,3,2,1,1,1,1.35,1.21,6
960,5,2,2,1,0,0,4,1.35,2.43,4
1559,8,5,3,0,1,1,2,1.35,4.05,4
1693,1,1,2,0,0,1,3,1.35,4.45,6
1356,9,2,7,0,0,0,4,1.34,2.43,6
1560,7,4,3,0,0,1,1,1.34,1.42,6
1421,5,2,3,0,0,0,4,1.34,1.62,6
103,9,2,4,3,0,0,5,1.34,1.62,10
34,14,5,5,4,0,0,5,1.34,2.83,10
448,4,0,2,2,0,0,3,1.33,5.67,4
1382,7,3,4,0,0,0,1,1.33,2.43,4
1266,5,3,1,1,0,1,3,1.33,1.21,4
747,9,2,6,1,0,0,6,1.33,3.24,0
748,9,2,6,1,0,0,6,1.33,3.24,0
683,5,2,1,2,0,1,4,1.32,3.24,10
1581,5,2,3,0,0,1,4,1.32,2.02,10
1537,8,2,6,0,1,1,2,1.32,2.02,0
674,5,2,1,2,1,1,3,1.32,2.43,10
1136,6,1,4,1,0,1,1,1.32,2.02,6
1363,6,0,6,0,0,0,4,1.32,0.81,0
1097,11,5,5,1,0,1,2,1.32,1.21,10
275,9,2,5,2,0,0,5,1.32,1.21,4
1681,1,1,1,0,1,0,2,1.32,0.81,10
1643,4,3,1,0,0,1,1,1.32,1.21,0
1712,3,10,2,0,0,1,1,1.32,0.4,0
1306,4,2,1,1,0,1,4,1.31,1.62,2
83,10,2,5,3,0,0,3,1.31,2.83,6
1372,7,2,5,0,0,0,4,1.31,1.62,2
672,5,2,1,2,0,1,3,1.31,2.02,12
1402,6,2,4,0,0,0,5,1.31,1.21,2
1676,5,3,3,0,0,0,3,1.3,2.02,12
675,5,2,1,2,0,1,3,1.3,6.07,2
182,16,4,9,3,0,1,2,1.3,3.64,10
817,7,2,4,1,0,0,3,1.3,4.05,0
813,7,2,4,1,0,0,1,1.3,2.83,0
654,5,2,1,2,0,1,4,1.3,1.62,2
1691,0,1,1,0,0,0,4,1.3,1.62,10
1362,6,0,6,0,0,0,5,1.3,1.62,6
326,7,1,4,2,0,0,4,1.29,1.21,2
142,8,3,2,3,0,0,4,1.29,2.43,4
46,8,1,3,4,0,0,4,1.29,1.62,10
1495,3,1,2,0,0,0,4,1.29,0.81,2
476,5,2,1,2,0,0,3,1.29,2.43,4
1652,3,2,1,0,0,1,4,1.29,3.64,8
1657,3,2,1,0,0,1,6,1.29,2.02,0
1658,3,2,1,0,0,1,6,1.29,2.02,0
9,12,1,5,6,0,1,2,1.29,4.05,4
349,7,2,3,2,0,0,4,1.29,2.02,4
413,6,2,2,2,0,0,4,1.29,4.05,6
10,8,1,1,6,0,1,4,1.28,2.02,0
483,5,2,1,2,0,0,4,1.28,3.24,2
1259,3,0,2,1,0,1,3,1.28,1.21,12
1327,4,2,1,1,0,1,4,1.28,3.24,0
36,12,3,5,4,0,0,4,1.27,6.07,0
481,5,2,1,2,0,0,4,1.27,0.4,6
390,6,1,3,2,0,0,3,1.27,2.02,4
1423,5,2,3,0,1,0,3,1.27,1.62,8
277,9,2,5,2,0,0,6,1.27,2.43,0
1143,7,3,3,1,0,1,2,1.26,5.26,4
396,8,4,2,2,0,0,4,1.26,2.02,8
802,7,2,4,1,0,0,4,1.26,2.83,8
640,6,3,1,2,0,1,4,1.26,3.64,10
265,10,3,5,2,0,0,5,1.26,2.02,6
1542,9,5,4,0,1,1,6,1.25,0.81,0
1543,9,5,4,0,1,1,6,1.25,0.81,0
1591,4,1,3,0,0,1,1,1.25,1.01,8
125,8,2,3,3,0,0,4,1.25,4.86,10
1386,6,2,4,0,0,0,4,1.25,2.02,8
73,15,2,10,3,0,0,2,1.24,1.62,8
1490,4,2,2,0,0,0,4,1.24,2.83,0
358,7,2,3,2,0,0,4,1.24,2.43,10
608,6,2,2,2,0,1,3,1.24,4.05,0
1304,4,2,1,1,0,1,4,1.23,3.64,10
236,4,0,1,3,0,1,3,1.23,3.24,10
178,5,1,1,3,0,0,4,1.23,0.81,6
977,4,1,2,1,0,0,4,1.23,1.21,8
1367,8,3,5,0,0,0,4,1.23,3.24,0
1685,6,3,5,0,0,0,4,1.23,2.83,8
808,7,2,4,1,0,0,4,1.23,1.62,4
79,11,2,6,3,0,0,5,1.22,1.21,10
777,10,5,4,1,0,0,5,1.22,1.62,4
1122,7,2,4,1,0,1,4,1.21,1.62,8
1571,5,2,3,0,0,1,1,1.21,0.81,2
305,8,2,4,2,0,0,3,1.21,2.83,12
539,8,3,3,2,0,1,1,1.21,2.02,2
803,7,2,4,1,0,0,4,1.21,1.21,4
884,6,2,3,1,0,0,4,1.21,1.21,8
71,5,0,1,4,0,1,2,1.21,3.64,6
399,6,2,2,2,1,0,1,1.21,0.81,4
1503,3,1,2,0,0,0,1,1.21,0.81,0
1268,5,3,1,1,0,1,4,1.21,4.05,8
402,6,2,2,2,1,0,4,1.21,1.62,4
1508,4,3,1,0,0,0,4,1.2,0.4,4
717,3,0,1,2,0,1,3,1.2,4.05,6
1066,3,1,1,1,0,0,3,1.2,2.43,2
1570,5,2,3,0,0,1,1,1.2,0.81,6
1496,3,1,2,0,0,0,4,1.2,1.21,4
303,8,2,4,2,0,0,4,1.19,2.02,8
128,8,2,3,3,0,0,5,1.19,2.02,2
1498,3,1,2,0,0,0,4,1.19,1.21,6
161,6,1,2,3,0,0,5,1.19,1.62,4
1453,6,4,2,0,0,0,5,1.19,3.24,10
1319,4,2,1,1,0,1,4,1.19,2.83,0
512,10,3,5,2,1,1,6,1.19,4.05,4
1557,5,1,4,0,0,1,1,1.18,0.81,2
955,5,2,2,1,0,0,4,1.18,1.62,10
1473,4,2,2,0,0,0,3,1.18,4.05,12
31,14,4,6,4,0,0,3,1.18,2.02,0
573,7,3,2,2,1,1,2,1.18,1.21,2
1021,4,2,1,1,0,0,4,1.18,2.02,2
1166,6,2,3,1,0,1,4,1.18,2.43,4
1639,4,3,1,0,0,1,2,1.17,4.05,6
1697,0,1,1,0,1,1,1,1.17,2.02,10
408,6,2,2,2,0,0,3,1.17,4.05,8
1399,6,2,4,0,0,0,4,1.17,0.81,2
1127,7,2,4,1,0,1,4,1.17,2.43,6
1197,5,2,2,1,0,1,1,1.17,1.01,4
22,8,1,2,5,0,0,4,1.16,2.02,0
1313,4,2,1,1,0,1,4,1.16,2.02,8
585,6,2,2,2,0,1,4,1.16,1.21,8
508,10,2,6,2,0,1,4,1.16,1.21,10
586,6,2,2,2,0,1,4,1.16,1.21,4
756,10,4,5,1,0,0,5,1.16,2.02,8
1333,3,1,1,1,0,1,4,1.15,1.62,8
894,6,2,3,1,0,0,4,1.15,4.05,0
773,7,1,5,1,0,0,4,1.15,5.67,8
1216,5,2,2,1,0,1,4,1.15,1.21,4
1316,4,2,1,1,0,1,2,1.15,4.05,0
914,4,0,3,1,0,0,4,1.15,0.81,4
102,9,2,4,3,0,0,3,1.15,1.62,6
1336,3,1,1,1,0,1,4,1.15,3.64,10
816,7,2,4,1,0,0,3,1.15,2.83,0
42,9,1,4,4,0,0,4,1.15,2.83,8
391,6,1,3,2,0,0,4,1.14,3.24,6
1077,3,1,1,1,0,0,4,1.14,1.21,10
1335,3,1,1,1,0,1,4,1.14,2.43,10
1055,4,2,1,1,0,0,4,1.14,2.43,0
705,4,1,1,2,0,1,1,1.14,1.21,4
1222,5,2,2,1,0,1,4,1.14,2.43,8
271,9,2,5,2,0,0,4,1.14,3.64,8
830,9,5,3,1,0,0,4,1.14,4.05,2
141,9,4,2,3,0,0,5,1.14,3.24,10
1353,10,2,8,0,0,0,5,1.14,2.02,4
1385,6,2,4,0,0,0,4,1.13,4.45,2
1289,4,2,1,1,0,1,4,1.13,1.62,4
1218,5,2,2,1,0,1,4,1.13,0.81,10
116,9,3,3,3,0,0,1,1.13,1.01,6
1303,4,2,1,1,0,1,4,1.13,3.24,8
892,6,2,3,1,0,0,3,1.13,4.05,0
931,5,2,2,1,0,0,4,1.13,1.62,8
1041,4,2,1,1,0,0,4,1.13,1.62,2
612,6,2,2,2,0,1,4,1.13,1.21,0
1120,7,2,4,1,1,1,2,1.12,2.43,4
340,8,3,3,2,0,0,4,1.12,2.83,8
416,6,2,2,2,0,0,4,1.12,2.43,8
688,5,2,1,2,0,1,4,1.12,2.83,4
14,13,4,4,5,0,0,5,1.12,2.83,10
1409,7,4,3,0,0,0,4,1.12,4.05,10
582,6,2,2,2,0,1,4,1.11,0.4,8
1664,2,1,1,0,1,1,3,1.11,2.02,0
1641,4,3,1,0,0,1,4,1.11,1.21,10
1489,4,2,2,0,0,0,4,1.11,2.43,0
1101,8,2,5,1,0,1,2,1.11,0.81,8
524,8,2,4,2,1,1,2,1.11,1.62,4
795,7,2,4,1,0,0,4,1.11,0.81,6
1284,4,2,1,1,0,1,4,1.11,0.81,2
1105,9,4,4,1,0,1,6,1.11,0.2,2
1286,4,2,1,1,0,1,4,1.11,2.02,10
48,8,1,3,4,0,0,4,1.11,2.02,6
646,6,3,1,2,0,1,4,1.11,2.43,0
1415,6,3,3,0,0,0,4,1.11,4.45,10
523,8,2,4,2,1,1,2,1.1,4.05,4
1677,5,3,3,0,1,0,5,1.1,4.05,8
1320,4,2,1,1,0,1,3,1.1,3.24,0
653,5,2,1,2,1,1,2,1.1,0.81,10
1450,8,6,2,0,0,0,5,1.1,1.62,0
1065,3,1,1,1,0,0,4,1.1,0.81,4
499,4,1,1,2,1,0,4,1.1,0.81,10
221,6,2,1,3,0,1,1,1.1,2.02,6
1132,7,2,4,1,1,1,2,1.1,0.81,0
405,6,2,2,2,0,0,4,1.1,3.24,6
1567,6,3,3,0,0,1,2,1.09,1.21,0
96,10,3,4,3,0,0,4,1.09,4.05,6
420,6,2,2,2,0,0,4,1.09,1.62,10
45,9,2,3,4,0,0,4,1.09,2.83,0
1148,6,2,3,1,0,1,1,1.09,1.21,6
812,7,2,4,1,0,0,5,1.09,4.05,2
1221,5,2,2,1,0,1,4,1.09,1.62,2
1023,4,2,1,1,0,0,3,1.09,0.81,6
1563,7,4,3,0,1,1,1,1.09,1.82,0
1410,7,4,3,0,0,0,5,1.09,2.02,6
927,5,2,2,1,0,0,4,1.09,1.21,2
511,10,3,5,2,0,1,1,1.08,0.81,6
1613,4,2,2,0,0,1,4,1.08,1.21,6
552,7,2,3,2,0,1,4,1.08,3.64,10
751,12,6,5,1,0,0,5,1.08,1.62,2
1371,7,2,5,0,0,0,3,1.08,2.83,12
1449,8,6,2,0,0,0,5,1.08,4.05,4
1485,4,2,2,0,0,0,4,1.08,2.02,10
1050,4,2,1,1,0,0,3,1.08,3.24,0
1690,0,1,1,0,1,0,2,1.08,1.21,4
544,7,2,3,2,0,1,2,1.08,0.4,10
1626,3,1,2,0,0,1,2,1.08,0.4,6
1424,5,2,3,0,0,0,3,1.08,1.62,4
496,4,1,1,2,0,0,4,1.07,0.81,8
904,5,1,3,1,0,0,4,1.07,2.02,2
1210,5,2,2,1,0,1,3,1.07,2.83,2
503,4,1,1,2,1,0,1,1.07,0.61,0
337,8,3,3,2,0,0,4,1.07,4.45,10
113,11,5,3,3,0,0,5,1.07,1.62,10
1202,5,2,2,1,0,1,1,1.07,0.81,4
1188,7,4,2,1,1,1,6,1.06,2.02,0
1189,7,4,2,1,1,1,6,1.06,2.02,0
87,10,2,5,3,0,0,5,1.06,1.21,10
576,7,3,2,2,0,1,4,1.06,1.82,10
282,8,1,5,2,0,0,3,1.06,1.21,2
484,5,2,1,2,0,0,4,1.06,3.24,2
555,7,2,3,2,0,1,4,1.06,3.24,6
1337,3,1,1,1,0,1,4,1.06,2.02,6
779,9,4,4,1,0,0,4,1.06,1.62,8
1602,5,3,2,0,0,1,4,1.06,2.83,4
208,7,2,2,3,0,1,6,1.06,3.64,0
209,7,2,2,3,0,1,6,1.06,3.64,0
664,5,2,1,2,0,1,4,1.06,0.4,4
1393,6,2,4,0,0,0,4,1.06,2.83,6
1205,5,2,2,1,0,1,4,1.05,1.21,6
1428,5,2,3,0,0,0,4,1.05,4.86,6
1549,6,2,4,0,0,1,2,1.05,0.81,8
1640,4,3,1,0,0,1,3,1.05,1.62,12
1675,7,5,3,0,0,0,4,1.05,1.21,8
949,5,2,2,1,0,0,4,1.05,2.02,6
194,7,1,3,3,0,1,4,1.05,4.86,8
1540,7,2,5,0,1,1,2,1.04,2.02,4
493,5,2,1,2,0,0,3,1.04,2.83,0
164,5,0,2,3,0,0,3,1.04,3.64,6
1365,10,5,5,0,0,0,5,1.04,1.62,10
1506,4,3,1,0,0,0,3,1.04,2.43,6
679,5,2,1,2,0,1,4,1.04,2.83,6
165,5,0,2,3,0,0,4,1.04,2.02,10
1340,3,1,1,1,0,1,1,1.04,0.3,0
63,10,3,3,4,0,1,4,1.04,4.05,8
601,6,2,2,2,0,1,4,1.04,1.62,2
92,11,4,4,3,0,0,5,1.03,1.62,10
1185,8,5,2,1,1,1,2,1.03,2.02,4
90,11,4,4,3,0,0,4,1.03,2.43,4
1117,7,2,4,1,0,1,2,1.03,4.86,10
1020,4,2,1,1,0,0,4,1.03,1.21,2
568,10,6,2,2,0,1,5,1.03,1.62,10
591,6,2,2,2,0,1,4,1.03,4.86,2
919,6,3,2,1,0,0,4,1.03,0.81,6
938,5,2,2,1,0,0,3,1.03,1.21,4
1597,6,4,2,0,0,1,4,1.03,1.21,2
145,8,3,2,3,0,0,4,1.03,2.02,8
563,7,2,3,2,1,1,6,1.03,1.21,0
285,8,1,5,2,0,0,1,1.02,2.02,0
322,7,1,4,2,0,0,1,1.02,2.02,6
54,6,0,2,4,0,0,4,1.02,2.02,10
1528,2,1,1,0,0,0,3,1.02,4.05,12
450,4,0,2,2,0,0,3,1.02,2.43,10
284,8,1,5,2,0,0,5,1.02,1.21,10
764,8,2,5,1,0,0,4,1.02,4.05,8
834,7,3,3,1,0,0,1,1.02,0.1,4
169,6,2,1,3,0,0,4,1.02,2.83,10
1395,6,2,4,0,0,0,4,1.01,1.21,10
902,5,1,3,1,0,0,4,1.01,1.21,6
1589,5,2,3,0,0,1,4,1.01,2.43,0
818,7,2,4,1,0,0,3,1.01,3.64,0
398,7,3,2,2,1,0,5,1.01,1.62,10
37,10,1,5,4,0,0,4,1.01,2.43,8
583,6,2,2,2,0,1,4,1.01,1.62,6
1686,5,4,3,0,0,0,4,1.01,1.62,4
580,6,2,2,2,1,1,2,1.01,1.62,8
422,6,2,2,2,0,0,4,1,2.02,6
232,5,1,1,3,0,1,2,1,2.02,6
1242,5,2,2,1,0,1,4,1,1.62,0
19,11,4,2,5,0,0,5,1,2.02,4
1291,4,2,1,1,0,1,3,1,2.02,8
1561,7,4,3,0,0,1,1,1,0.81,6
602,6,2,2,2,0,1,5,1,0.81,6
440,5,1,2,2,0,0,4,0.99,1.21,4
838,7,3,3,1,0,0,4,0.99,4.05,4
1463,5,3,2,0,0,0,4,0.99,3.24,4
1576,5,2,3,0,0,1,2,0.99,2.02,4
274,9,2,5,2,0,0,5,0.99,0.81,6
858,6,2,3,1,0,0,3,0.99,3.24,6
759,8,2,5,1,0,0,2,0.99,2.43,8
972,5,2,2,1,0,0,3,0.98,2.02,0
201,7,2,2,3,0,1,4,0.98,4.45,10
922,6,3,2,1,0,0,4,0.98,4.05,6
1192,6,3,2,1,0,1,3,0.98,4.05,2
693,5,2,1,2,0,1,4,0.98,0.81,8
1342,3,1,1,1,0,1,4,0.98,2.02,0
686,5,2,1,2,0,1,4,0.98,2.83,4
969,5,2,2,1,0,0,2,0.98,4.05,0
856,6,2,3,1,0,0,4,0.98,1.21,6
905,5,1,3,1,0,0,3,0.98,1.21,12
32,13,3,6,4,0,0,5,0.98,0.81,2
1637,5,4,1,0,0,1,4,0.98,1.62,4
8,11,4,1,6,0,0,3,0.97,2.43,10
1654,3,2,1,0,1,1,4,0.97,4.05,0
1420,5,2,3,0,0,0,4,0.97,1.42,4
220,7,3,1,3,0,1,3,0.97,3.64,0
659,5,2,1,2,0,1,4,0.97,2.02,2
114,10,4,3,3,0,0,3,0.96,2.83,12
1695,0,0,2,0,0,1,1,0.96,2.02,0
1478,4,2,2,0,0,0,4,0.96,4.05,10
549,7,2,3,2,0,1,3,0.96,2.43,12
1045,4,2,1,1,0,0,2,0.96,0.81,0
117,9,3,3,3,1,0,4,0.96,1.21,8
844,7,3,3,1,1,0,1,0.96,0.81,0
1651,3,2,1,0,0,1,4,0.95,1.21,6
917,6,3,2,1,0,0,1,0.95,2.02,4
129,8,2,3,3,0,0,6,0.95,2.43,4
976,5,2,2,1,0,0,4,0.95,4.05,0
837,7,3,3,1,0,0,4,0.95,1.21,8
372,7,2,3,2,0,0,5,0.95,0.81,8
436,5,1,2,2,0,0,4,0.95,2.02,10
1002,3,0,2,1,0,0,1,0.95,0.61,0
1568,5,2,3,0,0,1,1,0.95,0.61,8
1532,2,1,1,0,0,0,4,0.94,0.81,2
1247,4,1,2,1,0,1,3,0.94,2.02,10
689,5,2,1,2,0,1,4,0.94,1.21,10
1446,4,1,3,0,0,0,4,0.94,1.21,8
258,10,3,5,2,0,0,3,0.94,3.24,6
342,8,3,3,2,0,0,5,0.94,3.24,6
95,10,3,4,3,0,0,3,0.94,2.83,10
1373,7,2,5,0,0,0,5,0.94,1.62,2
882,6,2,3,1,0,0,4,0.94,3.24,10
1442,5,2,3,0,0,0,4,0.94,2.43,0
234,5,1,1,3,0,1,3,0.94,1.62,0
695,5,2,1,2,0,1,5,0.94,2.43,10
1606,4,2,2,0,0,1,1,0.93,2.02,6
809,7,2,4,1,0,0,5,0.93,2.43,2
137,6,0,3,3,0,0,4,0.93,1.21,2
278,8,1,5,2,0,0,1,0.93,1.01,2
1510,4,3,1,0,0,0,3,0.93,4.05,0
1499,3,1,2,0,0,0,4,0.93,0.81,10
250,10,2,6,2,0,0,5,0.93,2.43,8
547,7,2,3,2,0,1,4,0.93,3.24,8
260,10,3,5,2,0,0,5,0.92,1.62,4
1538,8,3,5,0,0,1,2,0.92,0.81,10
313,8,2,4,2,0,0,5,0.92,2.43,10
833,8,4,3,1,0,0,5,0.92,2.02,6
614,6,2,2,2,0,1,4,0.92,2.83,0
1324,4,2,1,1,0,1,4,0.92,2.02,0
1243,5,2,2,1,0,1,4,0.92,2.43,0
353,7,2,3,2,0,0,3,0.92,3.64,4
1252,4,1,2,1,0,1,4,0.92,1.21,4
1278,4,2,1,1,0,1,2,0.91,1.62,4
392,6,1,3,2,0,0,4,0.91,2.02,2
1151,6,2,3,1,0,1,1,0.91,2.02,4
1700,0,1,3,0,1,0,4,0.91,2.83,10
309,8,2,4,2,0,0,4,0.91,3.24,8
373,7,2,3,2,0,0,5,0.91,1.62,8
4,11,0,4,7,0,0,3,0.91,2.43,5
266,9,2,5,2,0,0,2,0.91,0.81,10
889,6,2,3,1,0,0,3,0.9,1.21,0
842,7,3,3,1,0,0,5,0.9,2.43,6
1707,0,3,2,0,0,0,5,0.9,1.62,4
985,4,1,2,1,0,0,4,0.9,1.62,10
1263,5,3,1,1,0,1,1,0.9,1.21,2
205,7,2,2,3,0,1,4,0.9,1.62,6
572,8,4,2,2,1,1,5,0.9,2.02,4
1149,6,2,3,1,0,1,1,0.89,0.81,6
801,7,2,4,1,0,0,4,0.89,0.81,8
1102,8,2,5,1,1,1,2,0.89,0.81,0
765,8,2,5,1,0,0,4,0.89,1.62,4
506,3,0,1,2,0,0,3,0.89,1.62,4
1072,3,1,1,1,0,0,4,0.89,1.62,8
1434,5,2,3,0,0,0,5,0.89,2.43,4
1435,5,2,3,0,0,0,5,0.89,2.43,4
1145,7,3,3,1,0,1,4,0.89,2.83,10
348,7,2,3,2,0,0,4,0.89,1.62,10
467,5,2,1,2,0,0,4,0.89,4.05,4
219,7,3,1,3,0,1,4,0.89,1.62,4
497,4,1,1,2,0,0,4,0.88,4.05,10
823,6,1,4,1,0,0,4,0.88,1.21,10
369,7,2,3,2,0,0,4,0.88,0.81,6
1574,5,2,3,0,1,1,2,0.88,2.02,4
719,3,0,1,2,0,1,4,0.88,2.02,6
1448,4,1,3,0,0,0,4,0.88,1.21,6
1457,5,3,2,0,0,0,4,0.88,0.81,10
1146,7,3,3,1,0,1,4,0.88,2.02,0
1174,6,2,3,1,0,1,4,0.88,2.43,0
954,5,2,2,1,0,0,4,0.87,2.02,2
495,5,2,1,2,0,0,6,0.87,0.81,0
996,3,0,2,1,0,0,4,0.87,2.02,4
630,5,1,2,2,0,1,4,0.87,2.43,0
990,4,1,2,1,0,0,5,0.87,0.4,1
100,9,2,4,3,0,0,4,0.87,1.62,8
518,8,2,4,2,1,1,1,0.87,1.62,4
575,7,3,2,2,0,1,4,0.87,3.64,8
1338,3,1,1,1,0,1,4,0.87,2.02,10
1310,4,2,1,1,0,1,4,0.87,4.05,10
1321,4,2,1,1,1,1,3,0.87,4.05,0
211,6,1,2,3,0,1,2,0.87,0.81,8
172,6,2,1,3,0,0,4,0.87,2.43,0
1272,4,2,1,1,1,1,1,0.87,0.4,4
1307,4,2,1,1,0,1,4,0.87,3.24,10
253,10,2,6,2,0,0,5,0.87,0.4,10
1083,3,1,1,1,0,0,3,0.86,1.62,0
967,5,2,2,1,0,0,5,0.86,1.62,4
1586,5,2,3,0,0,1,2,0.86,0.81,0
670,5,2,1,2,0,1,3,0.86,2.02,10
668,5,2,1,2,0,1,3,0.86,1.62,10
1086,3,1,1,1,0,0,4,0.86,1.21,0
1109,8,3,4,1,0,1,2,0.86,0.1,8
735,10,2,7,1,0,0,5,0.86,2.83,2
1552,6,2,4,0,0,1,4,0.85,2.43,8
814,7,2,4,1,0,0,4,0.85,2.43,0
556,7,2,3,2,0,1,2,0.85,4.05,0
703,5,2,1,2,0,1,4,0.85,4.05,0
283,8,1,5,2,0,0,5,0.85,1.21,2
745,9,2,6,1,0,0,5,0.85,2.43,4
464,5,2,1,2,0,0,1,0.85,0.4,6
1656,3,2,1,0,0,1,4,0.85,2.02,0
1038,4,2,1,1,0,0,4,0.85,1.21,6
1057,4,2,1,1,0,0,4,0.85,1.21,0
1220,5,2,2,1,0,1,4,0.85,1.21,10
1431,5,2,3,0,0,0,4,0.85,0.81,8
939,5,2,2,1,0,0,3,0.85,0.4,10
662,5,2,1,2,1,1,4,0.84,2.43,2
1312,4,2,1,1,0,1,4,0.84,2.43,2
965,5,2,2,1,0,0,5,0.84,1.62,4
1684,9,6,5,0,0,0,5,0.84,0.4,4
1460,5,3,2,0,0,0,3,0.84,1.21,8
665,5,2,1,2,0,1,4,0.84,0.81,8
1167,6,2,3,1,0,1,4,0.84,2.02,10
1226,5,2,2,1,0,1,4,0.84,2.02,10
470,5,2,1,2,0,0,3,0.84,3.24,6
1650,3,2,1,0,0,1,4,0.84,1.62,6
1475,4,2,2,0,0,0,3,0.84,3.24,4
374,7,2,3,2,0,0,5,0.83,1.21,4
123,8,2,3,3,0,0,4,0.83,1.62,10
600,6,2,2,2,0,1,4,0.83,3.64,10
1245,4,1,2,1,0,1,2,0.83,0.4,8
870,6,2,3,1,0,0,4,0.83,0.81,4
588,6,2,2,2,0,1,3,0.82,1.21,6
431,6,2,2,2,0,0,4,0.82,1.62,0
351,7,2,3,2,0,0,4,0.82,2.02,10
1121,7,2,4,1,0,1,2,0.82,2.02,4
1103,7,1,5,1,1,1,2,0.82,2.02,6
1024,4,2,1,1,0,0,3,0.82,1.62,6
1464,5,3,2,0,0,0,4,0.82,3.24,8
1455,5,3,2,0,0,0,1,0.82,0.4,6
839,7,3,3,1,0,0,4,0.82,2.43,6
893,6,2,3,1,0,0,4,0.82,2.83,0
1169,6,2,3,1,0,1,4,0.82,2.83,6
107,8,1,4,3,0,0,4,0.81,4.05,10
768,8,2,5,1,0,0,5,0.81,2.43,10
1550,6,2,4,0,1,1,2,0.81,0.4,6
1183,9,6,2,1,0,1,5,0.81,1.21,4
1469,4,2,2,0,0,0,4,0.81,3.64,8
485,5,2,1,2,0,0,4,0.81,2.43,10
925,5,2,2,1,0,0,1,0.81,1.21,10
445,4,0,2,2,0,0,4,0.81,1.62,2
690,5,2,1,2,0,1,4,0.81,3.24,4
1418,5,2,3,0,0,0,4,0.8,1.62,4
980,4,1,2,1,0,0,4,0.8,0.4,10
737,9,1,7,1,0,0,1,0.8,0.81,4
1128,7,2,4,1,0,1,4,0.8,2.02,10
540,7,2,3,2,1,1,1,0.8,0.81,6
482,5,2,1,2,0,0,4,0.8,1.62,2
1511,3,2,1,0,0,0,4,0.8,2.83,2
1670,6,3,4,0,0,0,3,0.8,2.43,12
210,6,1,2,3,1,1,2,0.79,2.02,4
317,8,2,4,2,0,0,5,0.79,0.4,10
682,5,2,1,2,0,1,4,0.79,1.21,10
786,8,3,4,1,0,0,5,0.79,0.4,6
393,6,1,3,2,0,0,4,0.78,2.43,4
1297,4,2,1,1,0,1,4,0.78,3.24,10
1300,4,2,1,1,0,1,4,0.78,1.62,2
1452,6,4,2,0,0,0,4,0.77,1.21,4
368,7,2,3,2,0,0,4,0.77,0.81,4
998,3,0,2,1,0,0,3,0.77,2.83,4
1003,3,0,2,1,0,0,4,0.77,1.21,0
962,5,2,2,1,0,0,4,0.77,0.81,2
1462,5,3,2,0,0,0,4,0.76,1.62,8
658,5,2,1,2,0,1,4,0.76,0.81,2
1383,6,2,4,0,1,0,2,0.76,2.02,4
147,7,2,2,3,0,0,2,0.76,1.62,10
473,5,2,1,2,0,0,3,0.76,2.83,12
1533,2,1,1,0,0,0,4,0.76,3.24,10
769,8,2,5,1,0,0,5,0.76,0.81,10
1157,6,2,3,1,0,1,4,0.76,1.62,4
367,7,2,3,2,0,0,4,0.76,1.21,4
363,7,2,3,2,0,0,4,0.76,1.62,6
545,7,2,3,2,1,1,2,0.76,1.62,10
1515,3,2,1,0,0,0,3,0.76,1.21,8
1273,4,2,1,1,1,1,1,0.76,2.02,6
635,7,4,1,2,0,1,5,0.76,1.21,6
270,9,2,5,2,0,0,4,0.76,2.83,8
1267,5,3,1,1,0,1,4,0.75,1.21,6
517,9,3,4,2,0,1,4,0.75,2.43,4
1170,6,2,3,1,0,1,4,0.75,2.83,6
755,10,4,5,1,0,0,5,0.75,1.21,6
153,7,2,2,3,0,0,5,0.75,0.4,2
91,11,4,4,3,0,0,5,0.75,2.43,10
1181,4,0,3,1,0,1,2,0.75,2.43,0
827,10,6,3,1,0,0,5,0.74,2.43,6
828,10,6,3,1,0,0,5,0.74,2.43,6
148,7,2,2,3,0,0,4,0.74,0.81,4
1071,3,1,1,1,0,0,4,0.74,0.81,10
469,5,2,1,2,0,0,3,0.74,2.02,6
587,6,2,2,2,0,1,4,0.74,3.24,4
249,10,2,6,2,0,0,5,0.74,1.21,8
1269,5,3,1,1,0,1,5,0.74,0.81,8
749,8,1,6,1,0,0,5,0.74,1.21,10
89,9,1,5,3,0,0,4,0.74,3.24,10
86,10,2,5,3,0,0,5,0.74,2.43,6
1430,5,2,3,0,0,0,4,0.74,2.02,10
1180,4,0,3,1,0,1,1,0.74,1.01,0
458,6,3,1,2,0,0,4,0.74,1.62,8
430,6,2,2,2,0,0,4,0.74,3.24,0
634,7,4,1,2,0,1,4,0.74,1.21,4
605,6,2,2,2,0,1,5,0.74,2.02,6
1063,3,1,1,1,0,0,4,0.74,0.81,6
1447,4,1,3,0,0,0,4,0.74,1.62,10
599,6,2,2,2,0,1,4,0.74,1.62,6
731,10,2,7,1,0,0,4,0.73,2.43,10
291,10,4,4,2,0,0,2,0.73,0.81,0
1347,2,0,1,1,0,1,4,0.73,1.21,2
725,3,0,1,2,0,1,3,0.73,0.81,0
461,6,3,1,2,0,0,4,0.73,1.21,10
233,5,1,1,3,0,1,4,0.73,1.21,6
1451,7,5,2,0,0,0,4,0.73,0.81,10
33,13,3,6,4,0,0,5,0.72,0.81,0
286,12,6,4,2,0,0,4,0.72,1.62,10
151,7,2,2,3,0,0,4,0.72,2.83,6
434,6,2,2,2,0,0,4,0.72,1.62,0
1140,9,5,3,1,0,1,4,0.72,1.62,6
1679,2,1,2,0,0,0,4,0.72,2.83,4
711,4,1,1,2,0,1,4,0.72,2.43,8
1394,6,2,4,0,0,0,4,0.71,2.43,10
766,8,2,5,1,0,0,5,0.71,3.24,2
1359,9,3,6,0,0,0,4,0.71,2.02,6
1281,4,2,1,1,0,1,4,0.71,1.21,6
387,6,1,3,2,0,0,4,0.71,0.4,6
1389,6,2,4,0,0,0,4,0.71,1.21,6
715,4,1,1,2,0,1,4,0.71,2.43,0
1240,5,2,2,1,0,1,4,0.71,3.24,0
532,6,0,4,2,0,1,4,0.71,2.43,8
239,12,2,8,2,0,0,1,0.71,0.81,4
489,5,2,1,2,0,0,5,0.71,1.62,6
410,6,2,2,2,0,0,3,0.7,2.02,6
18,8,0,3,5,1,0,6,0.7,1.42,0
118,9,3,3,3,0,0,4,0.7,2.43,6
527,8,2,4,2,0,1,1,0.7,0.51,0
1628,3,1,2,0,0,1,3,0.7,1.21,10
1229,5,2,2,1,0,1,4,0.7,2.83,4
505,3,0,1,2,0,0,3,0.7,2.83,2
627,5,1,2,2,0,1,4,0.7,3.24,10
912,5,1,3,1,0,0,3,0.7,1.21,0
163,5,0,2,3,0,0,3,0.7,2.83,4
110,7,0,4,3,0,0,1,0.7,0.4,0
1123,7,2,4,1,0,1,4,0.7,1.62,6
797,7,2,4,1,0,0,4,0.69,2.43,6
1706,0,2,3,0,0,0,4,0.69,2.43,0
1388,6,2,4,0,0,0,4,0.69,2.83,8
183,11,4,4,3,0,1,4,0.69,0.81,6
900,6,2,3,1,0,0,4,0.69,1.62,0
237,14,3,9,2,0,0,4,0.69,2.43,8
1276,4,2,1,1,1,1,2,0.69,2.02,2
589,6,2,2,2,0,1,4,0.69,3.24,10
811,7,2,4,1,0,0,5,0.68,2.43,4
961,5,2,2,1,0,0,4,0.68,2.83,4
1156,6,2,3,1,0,1,2,0.68,2.83,4
361,7,2,3,2,0,0,4,0.68,2.83,4
1520,3,2,1,0,0,0,4,0.68,2.43,8
696,5,2,1,2,0,1,5,0.68,0.81,4
982,4,1,2,1,0,0,4,0.68,1.62,4
708,4,1,1,2,0,1,4,0.68,2.43,6
452,4,0,2,2,0,0,4,0.68,3.24,8
1647,3,2,1,0,0,1,3,0.67,0.4,2
246,10,2,6,2,0,0,4,0.67,2.43,10
624,5,1,2,2,0,1,4,0.67,0.81,6
328,6,0,4,2,0,0,1,0.67,0.51,8
1426,5,2,3,0,0,0,4,0.67,2.02,10
1408,5,1,4,0,1,0,5,0.67,0.81,10
1390,6,2,4,0,0,0,4,0.67,1.62,6
1014,4,2,1,1,1,0,1,0.67,0.81,6
264,10,3,5,2,0,0,5,0.67,2.02,6
1280,4,2,1,1,0,1,4,0.67,2.02,8
1119,7,2,4,1,0,1,2,0.67,1.21,2
1648,3,2,1,0,0,1,3,0.67,1.21,6
1349,2,0,1,1,0,1,4,0.67,1.21,4
1355,11,4,7,0,1,0,5,0.67,1.62,6
1228,5,2,2,1,0,1,4,0.67,0.81,2
490,5,2,1,2,0,0,2,0.67,2.02,0
565,6,1,3,2,0,1,1,0.67,0.81,4
596,6,2,2,2,0,1,4,0.66,1.62,10
1052,4,2,1,1,0,0,3,0.66,2.83,0
254,8,0,6,2,0,0,4,0.66,2.02,8
553,7,2,3,2,0,1,4,0.66,1.21,10
744,9,2,6,1,0,0,5,0.66,1.62,10
1578,5,2,3,0,0,1,4,0.66,2.83,10
1709,0,2,4,0,1,0,4,0.66,2.02,6
699,5,2,1,2,0,1,4,0.66,2.43,0
1529,2,1,1,0,0,0,4,0.66,1.21,8
657,5,2,1,2,0,1,4,0.66,1.21,6
1204,5,2,2,1,0,1,4,0.66,2.43,4
1062,3,1,1,1,0,0,4,0.66,1.21,6
667,5,2,1,2,0,1,4,0.65,1.21,4
69,7,2,1,4,0,1,4,0.65,1.21,10
941,5,2,2,1,1,0,4,0.65,2.02,4
1042,4,2,1,1,0,0,4,0.65,2.02,10
1406,5,1,4,0,0,0,2,0.65,2.02,6
541,7,2,3,2,0,1,1,0.65,0.81,4
314,8,2,4,2,0,0,6,0.65,0.81,4
315,8,2,4,2,0,0,6,0.65,0.81,4
824,6,1,4,1,0,0,4,0.65,2.02,10
621,5,1,2,2,0,1,4,0.65,3.24,8
409,6,2,2,2,0,0,3,0.65,1.21,10
595,6,2,2,2,0,1,4,0.65,1.21,6
1530,2,1,1,0,0,0,4,0.65,2.83,6
515,11,5,4,2,0,1,4,0.65,2.43,10
132,8,2,3,3,0,0,5,0.65,0.81,2
168,6,2,1,3,0,0,4,0.64,2.02,6
1527,2,1,1,0,0,0,1,0.64,1.62,6
1089,3,1,1,1,0,0,4,0.64,1.62,0
280,8,1,5,2,0,0,4,0.64,2.02,6
876,6,2,3,1,0,0,4,0.64,1.21,8
240,12,3,7,2,0,0,6,0.64,1.21,4
262,10,3,5,2,0,0,5,0.64,1.62,8
371,7,2,3,2,0,0,6,0.63,0.81,1
325,7,1,4,2,0,0,4,0.63,2.43,4
873,6,2,3,1,0,0,4,0.63,1.62,2
907,5,1,3,1,0,0,4,0.63,0.81,10
604,6,2,2,2,0,1,5,0.63,2.43,6
162,6,1,2,3,0,0,5,0.63,1.62,4
1526,3,2,1,0,0,0,4,0.63,0.81,0
1194,6,3,2,1,0,1,4,0.63,0.81,10
144,8,3,2,3,0,0,3,0.62,1.21,4
1211,5,2,2,1,0,1,3,0.62,2.43,4
1445,4,1,3,0,0,0,4,0.62,1.21,8
308,8,2,4,2,0,0,4,0.62,1.21,4
1525,3,2,1,0,0,0,4,0.62,1.01,0
792,7,2,4,1,0,0,4,0.62,1.62,10
293,9,3,4,2,0,0,4,0.62,0.81,6
934,5,2,2,1,0,0,4,0.62,0.81,8
712,4,1,1,2,0,1,4,0.61,1.21,10
1325,4,2,1,1,0,1,4,0.61,2.02,0
1322,4,2,1,1,0,1,4,0.61,1.21,0
195,7,1,3,3,0,1,5,0.61,1.21,10
1492,3,1,2,0,0,0,4,0.61,0.81,4
1471,4,2,2,0,0,0,4,0.61,0.81,4
1260,3,0,2,1,0,1,4,0.61,1.21,6
139,6,0,3,3,0,0,5,0.61,2.43,6
1227,5,2,2,1,0,1,4,0.61,2.02,6
966,5,2,2,1,0,0,5,0.61,1.62,4
968,5,2,2,1,0,0,5,0.61,1.62,4
272,9,2,5,2,0,0,4,0.61,2.83,4
366,7,2,3,2,0,0,4,0.61,2.83,10
146,8,3,2,3,0,0,5,0.61,1.62,10
831,8,4,3,1,0,0,4,0.61,1.21,4
743,9,2,6,1,0,0,5,0.6,1.21,10
44,12,5,3,4,0,0,5,0.6,1.21,4
5,12,2,3,7,0,0,5,0.6,3.24,10
1224,5,2,2,1,0,1,4,0.6,1.21,10
593,6,2,2,2,0,1,4,0.6,2.43,6
787,8,3,4,1,0,0,4,0.6,0.81,0
60,5,0,1,4,0,0,4,0.6,2.83,0
133,8,2,3,3,0,0,3,0.6,2.02,0
177,5,1,1,3,0,0,4,0.6,2.02,2
1036,4,2,1,1,0,0,4,0.6,0.81,4
425,6,2,2,2,0,0,5,0.6,1.62,10
381,7,2,3,2,0,0,5,0.6,0.81,6
1662,2,1,1,0,0,1,4,0.59,1.21,6
1302,4,2,1,1,1,1,4,0.59,0.81,4
423,6,2,2,2,0,0,4,0.59,2.02,10
597,6,2,2,2,0,1,4,0.59,2.02,10
105,9,2,4,3,0,0,5,0.59,2.83,6
716,3,0,1,2,0,1,4,0.59,0.81,4
997,3,0,2,1,0,0,3,0.59,0.45,10
959,5,2,2,1,0,0,4,0.59,1.21,8
1331,3,1,1,1,1,1,4,0.59,2.83,6
202,7,2,2,3,0,1,4,0.59,2.83,2
603,6,2,2,2,0,1,5,0.59,1.62,2
869,6,2,3,1,0,0,4,0.59,2.43,10
67,8,3,1,4,0,1,4,0.59,1.62,6
1398,6,2,4,0,0,0,4,0.59,1.62,10
760,8,2,5,1,0,0,4,0.58,0.4,10
1251,4,1,2,1,0,1,4,0.58,2.43,10
1465,5,3,2,0,0,0,5,0.58,2.02,1
58,7,2,1,4,0,0,3,0.58,2.02,6
212,6,1,2,3,0,1,3,0.58,1.21,12
1545,8,4,4,0,0,1,5,0.58,1.21,6
359,7,2,3,2,0,0,4,0.58,0.4,8
947,5,2,2,1,0,0,4,0.58,2.43,10
1593,4,1,3,0,0,1,6,0.58,0.2,0
1594,4,1,3,0,0,1,6,0.58,0.2,0
529,8,2,4,2,0,1,1,0.57,0.71,0
1254,4,1,2,1,0,1,4,0.57,1.21,4
454,4,0,2,2,0,0,4,0.57,1.21,10
1195,6,3,2,1,0,1,4,0.57,1.62,10
868,6,2,3,1,0,0,4,0.57,0.81,4
75,13,3,7,3,0,0,5,0.57,1.62,6
681,5,2,1,2,0,1,4,0.57,1.21,8
135,8,2,3,3,0,0,4,0.57,1.62,0
437,5,1,2,2,0,0,3,0.57,2.83,2
1092,2,0,1,1,0,0,4,0.57,2.02,0
1212,5,2,2,1,0,1,4,0.57,1.62,10
1522,3,2,1,0,0,0,4,0.57,2.43,10
1619,4,2,2,0,0,1,4,0.57,2.43,10
486,5,2,1,2,0,0,4,0.57,0.81,10
956,5,2,2,1,0,0,4,0.56,1.21,8
1037,4,2,1,1,0,0,4,0.56,1.21,10
1070,3,1,1,1,0,0,4,0.56,1.62,8
263,10,3,5,2,0,0,5,0.56,1.62,1
1115,7,2,4,1,0,1,1,0.56,0.81,6
1381,8,4,4,0,0,0,5,0.56,1.62,8
1093,10,2,7,1,0,1,2,0.56,0.81,6
1660,2,1,1,0,0,1,4,0.56,1.21,10
379,7,2,3,2,0,0,5,0.56,0.81,10
1401,6,2,4,0,0,0,4,0.55,1.62,6
1223,5,2,2,1,0,1,4,0.55,0.81,10
1262,6,4,1,1,0,1,4,0.55,1.21,10
807,7,2,4,1,0,0,4,0.55,2.43,8
853,6,2,3,1,0,0,4,0.55,2.43,4
1208,5,2,2,1,0,1,4,0.55,2.43,10
1429,5,2,3,0,0,0,4,0.54,1.62,8
526,8,2,4,2,0,1,4,0.54,1.21,4
488,5,2,1,2,0,0,5,0.54,1.62,8
707,4,1,1,2,0,1,4,0.54,2.43,2
1203,5,2,2,1,0,1,4,0.54,0.81,4
1207,5,2,2,1,0,1,4,0.54,0.4,10
389,6,1,3,2,0,0,3,0.54,1.62,6
474,5,2,1,2,0,0,3,0.54,1.62,6
626,5,1,2,2,0,1,4,0.54,0.81,4
780,9,4,4,1,0,0,5,0.53,1.21,10
1069,3,1,1,1,0,0,3,0.53,1.62,8
407,6,2,2,2,0,0,3,0.53,2.02,12
1206,5,2,2,1,0,1,4,0.53,1.62,10
158,6,1,2,3,0,0,4,0.53,0.81,4
207,7,2,2,3,0,1,6,0.53,1.62,0
616,6,2,2,2,0,1,5,0.53,0.81,0
1636,5,4,1,0,0,1,2,0.53,0.81,10
1004,3,0,2,1,0,0,4,0.53,1.62,0
1441,5,2,3,0,0,0,4,0.53,1.62,0
357,7,2,3,2,1,0,4,0.53,2.43,8
480,5,2,1,2,0,0,4,0.53,2.43,10
685,5,2,1,2,0,1,4,0.53,2.43,4
261,10,3,5,2,0,0,5,0.52,1.21,10
885,6,2,3,1,0,0,5,0.52,1.62,4
170,6,2,1,3,0,0,4,0.52,1.21,4
519,8,2,4,2,0,1,1,0.52,1.01,4
200,7,2,2,3,1,1,2,0.52,0.4,6
663,5,2,1,2,0,1,4,0.52,2.02,4
698,5,2,1,2,1,1,2,0.51,0.4,0
1500,3,1,2,0,0,0,4,0.51,1.62,4
915,4,0,3,1,0,0,4,0.51,0.81,10
1603,5,3,2,0,0,1,4,0.51,1.62,10
343,8,3,3,2,0,0,5,0.51,1.21,6
594,6,2,2,2,0,1,4,0.51,1.62,4
1110,8,3,4,1,0,1,4,0.51,1.21,4
782,8,3,4,1,0,0,4,0.5,2.02,2
1217,5,2,2,1,0,1,4,0.5,1.62,4
536,10,5,3,2,0,1,5,0.5,1.62,10
835,7,3,3,1,0,0,4,0.5,1.21,10
883,6,2,3,1,0,0,4,0.5,2.02,8
810,7,2,4,1,0,0,5,0.5,0.4,4
447,4,0,2,2,0,0,4,0.5,0.81,6
988,4,1,2,1,0,0,4,0.49,1.62,10
376,7,2,3,2,0,0,5,0.49,2.02,10
713,4,1,1,2,0,1,6,0.49,2.02,6
1487,4,2,2,0,0,0,4,0.49,0.81,0
174,6,2,1,3,0,0,4,0.49,1.21,0
223,6,2,1,3,0,1,4,0.49,1.21,4
706,4,1,1,2,0,1,4,0.49,2.43,10
507,3,0,1,2,0,0,4,0.49,0.81,0
1573,5,2,3,0,0,1,2,0.48,2.02,6
1604,4,2,2,0,0,1,1,0.48,2.02,2
694,5,2,1,2,0,1,4,0.48,0.4,8
276,9,2,5,2,0,0,5,0.48,1.21,2
331,10,5,3,2,0,0,5,0.48,1.62,4
1283,4,2,1,1,0,1,4,0.48,0.81,4
475,5,2,1,2,0,0,3,0.48,2.02,6
1198,5,2,2,1,0,1,1,0.48,0.4,4
878,6,2,3,1,0,0,4,0.48,1.62,4
1294,4,2,1,1,0,1,4,0.48,1.21,8
632,4,0,2,2,1,1,4,0.47,0.81,6
1376,6,1,5,0,0,0,6,0.47,1.62,6
1482,4,2,2,0,0,0,4,0.47,1.21,2
1493,3,1,2,0,0,0,4,0.47,1.21,2
1512,3,2,1,0,0,0,4,0.47,0.81,8
1403,6,2,4,0,0,0,6,0.47,1.62,6
643,6,3,1,2,0,1,4,0.46,0.81,10
592,6,2,2,2,0,1,4,0.46,1.21,10
1629,3,1,2,0,0,1,3,0.46,1.21,12
1509,4,3,1,0,0,0,4,0.46,0.81,8
1080,3,1,1,1,0,0,2,0.46,0.81,0
290,10,4,4,2,0,0,5,0.46,0.81,10
1400,6,2,4,0,0,0,4,0.46,0.81,8
1384,6,2,4,0,0,0,4,0.46,1.21,2
1040,4,2,1,1,0,0,4,0.46,1.21,2
974,5,2,2,1,0,0,3,0.46,0.81,0
299,8,2,4,2,0,0,1,0.46,0.4,4
543,7,2,3,2,0,1,2,0.46,0.4,6
1461,5,3,2,0,0,0,4,0.46,1.62,6
1698,1,1,3,0,0,1,4,0.46,1.62,6
978,4,1,2,1,0,0,4,0.45,0.81,10
1329,3,1,1,1,0,1,4,0.45,0.81,6
1334,3,1,1,1,0,1,4,0.45,1.21,8
1618,4,2,2,0,0,1,4,0.45,0.81,8
1287,4,2,1,1,0,1,4,0.45,1.21,6
39,10,2,4,4,0,0,1,0.45,0.4,10
1627,3,1,2,0,0,1,4,0.45,1.21,10
47,8,1,3,4,0,0,3,0.45,2.43,4
1096,9,2,6,1,0,1,2,0.44,0.81,8
1074,3,1,1,1,0,0,4,0.44,1.21,10
1230,5,2,2,1,0,1,5,0.44,0.4,8
435,5,1,2,2,0,0,1,0.44,0.81,6
1556,5,1,4,0,1,1,1,0.44,0.4,4
566,6,1,3,2,0,1,4,0.44,1.21,8
1351,16,7,9,0,0,0,5,0.44,0.81,4
806,7,2,4,1,0,0,4,0.44,1.21,8
1033,4,2,1,1,0,0,4,0.44,1.21,10
199,8,3,2,3,0,1,1,0.44,0.4,4
1175,5,1,3,1,0,1,1,0.44,0.4,4
1422,5,2,3,0,1,0,4,0.44,0.4,4
377,7,2,3,2,0,0,5,0.43,0.81,4
1417,6,3,3,0,0,0,5,0.43,0.81,4
1472,4,2,2,0,0,0,4,0.43,0.81,8
1305,4,2,1,1,0,1,4,0.43,0.81,10
311,8,2,4,2,0,0,4,0.43,0.81,8
188,9,2,4,3,0,1,2,0.42,2.02,0
203,7,2,2,3,0,1,4,0.42,2.02,10
908,5,1,3,1,0,0,4,0.42,2.02,10
849,7,3,3,1,0,0,4,0.42,1.62,0
1396,6,2,4,0,0,0,4,0.42,0.81,8
1521,3,2,1,0,0,0,4,0.42,0.81,4
1277,4,2,1,1,0,1,2,0.42,0.4,6
1703,0,2,2,0,1,0,4,0.42,0.4,8
295,9,3,4,2,1,0,3,0.42,1.62,8
453,4,0,2,2,0,0,4,0.41,1.21,4
1350,2,0,1,1,0,1,4,0.41,1.21,8
1000,3,0,2,1,0,0,4,0.41,0.81,10
1219,5,2,2,1,0,1,4,0.41,0.81,8
1546,7,3,4,0,0,1,2,0.41,0.4,4
388,6,1,3,2,0,0,3,0.41,1.21,6
1544,8,4,4,0,0,1,1,0.41,0.2,8
1343,2,0,1,1,0,1,1,0.41,1.01,4
336,8,3,3,2,0,0,4,0.41,0.81,10
1491,3,1,2,0,0,0,4,0.4,1.42,8
130,8,2,3,3,0,0,6,0.4,0.81,4
1480,4,2,2,0,0,0,4,0.4,1.62,10
1645,3,2,1,0,0,1,3,0.4,0.81,6
298,8,2,4,2,1,0,1,0.4,0.4,6
186,10,3,4,3,0,1,4,0.4,1.21,0
329,6,0,4,2,0,0,2,0.4,0.81,2
1082,3,1,1,1,0,0,4,0.4,1.21,0
1705,2,2,5,0,0,0,5,0.4,0.81,10
1075,3,1,1,1,0,0,4,0.4,1.21,10
1171,6,2,3,1,0,1,5,0.4,1.21,10
1019,4,2,1,1,0,0,4,0.4,0.81,8
108,8,1,4,3,0,0,4,0.39,0.4,4
312,8,2,4,2,0,0,5,0.39,1.62,8
417,6,2,2,2,0,0,4,0.39,0.81,6
179,5,1,1,3,0,0,4,0.39,1.21,10
610,6,2,2,2,0,1,4,0.39,1.62,0
143,8,3,2,3,0,0,4,0.38,1.21,4
50,8,2,2,4,0,0,1,0.38,0.1,6
1018,4,2,1,1,0,0,4,0.38,1.62,4
1213,5,2,2,1,0,1,4,0.38,1.62,4
1088,3,1,1,1,0,0,4,0.38,1.62,0
723,3,0,1,2,0,1,1,0.38,0.4,0
1595,6,4,2,0,0,1,2,0.38,0.81,6
567,6,1,3,2,0,1,3,0.38,0.81,10
733,10,2,7,1,0,0,5,0.38,0.81,6
910,5,1,3,1,0,0,4,0.37,0.61,10
224,6,2,1,3,0,1,4,0.37,1.62,10
138,6,0,3,3,0,0,5,0.37,2.02,1
98,10,3,4,3,0,0,5,0.37,0.81,2
449,4,0,2,2,0,0,3,0.37,1.62,12
49,8,1,3,4,0,0,5,0.37,0.81,6
304,8,2,4,2,0,0,4,0.37,1.62,8
1059,3,1,1,1,0,0,4,0.37,0.81,6
412,6,2,2,2,0,0,4,0.36,1.62,10
531,8,2,4,2,0,1,6,0.36,1.62,0
692,5,2,1,2,0,1,4,0.36,1.62,6
395,5,0,3,2,0,0,5,0.36,0.81,6
916,4,0,3,1,0,0,4,0.36,0.4,8
421,6,2,2,2,0,0,4,0.36,1.21,10
1497,3,1,2,0,0,0,4,0.36,1.21,2
255,8,0,6,2,0,0,4,0.35,1.21,8
81,11,2,6,3,0,0,3,0.35,1.21,0
1137,6,1,4,1,0,1,4,0.35,0.4,4
441,5,1,2,2,0,0,4,0.35,0.81,8
88,10,2,5,3,0,0,5,0.35,1.62,0
644,6,3,1,2,0,1,4,0.35,0.4,0
451,4,0,2,2,0,0,4,0.35,1.62,8
1330,3,1,1,1,0,1,4,0.34,1.62,6
59,5,0,1,4,0,0,4,0.34,0.81,0
1285,4,2,1,1,0,1,4,0.34,0.81,6
855,6,2,3,1,0,0,4,0.34,1.21,10
1598,6,4,2,0,0,1,6,0.34,0.81,4
1599,6,4,2,0,0,1,6,0.34,0.81,4
1196,6,3,2,1,1,1,6,0.34,0.81,0
350,7,2,3,2,0,0,4,0.34,0.4,8
256,8,0,6,2,0,0,5,0.33,1.21,6
728,11,3,7,1,0,0,4,0.33,0.4,4
152,7,2,2,3,0,0,4,0.33,0.81,6
987,4,1,2,1,0,0,4,0.33,0.81,10
1534,2,1,1,0,0,0,6,0.33,0.2,2
623,5,1,2,2,0,1,4,0.32,1.21,6
443,5,1,2,2,0,0,4,0.32,1.62,0
1043,4,2,1,1,0,0,6,0.32,0.2,4
460,6,3,1,2,0,0,4,0.32,1.21,4
1378,10,6,4,0,0,0,5,0.32,0.4,4
248,10,2,6,2,0,0,5,0.32,0.4,6
51,8,2,2,4,0,0,3,0.32,0.81,6
1562,7,4,3,0,0,1,4,0.32,0.4,10
1007,6,4,1,1,0,0,2,0.31,0.4,10
297,9,3,4,2,0,0,5,0.31,0.4,2
52,8,2,2,4,0,0,6,0.31,0.81,8
53,8,2,2,4,0,0,6,0.31,0.81,8
1001,3,0,2,1,0,0,4,0.31,0.81,10
438,5,1,2,2,0,0,3,0.31,0.81,8
1348,2,0,1,1,0,1,4,0.3,1.62,10
861,6,2,3,1,0,0,3,0.3,1.21,6
1135,7,2,4,1,0,1,6,0.3,1.21,0
1253,4,1,2,1,0,1,4,0.3,0.81,10
984,4,1,2,1,0,0,3,0.3,1.21,6
160,6,1,2,3,0,0,4,0.29,0.81,6
899,6,2,3,1,0,0,4,0.29,0.4,0
80,11,2,6,3,0,0,5,0.29,1.21,10
906,5,1,3,1,0,0,4,0.29,0.4,4
913,4,0,3,1,0,0,2,0.29,0.4,4
251,10,2,6,2,0,0,5,0.29,0.4,8
310,8,2,4,2,0,0,4,0.29,0.4,8
1501,3,1,2,0,0,0,6,0.29,0.61,2
1502,3,1,2,0,0,0,6,0.29,0.61,2
1257,4,1,2,1,0,1,6,0.28,0.2,0
1179,4,0,3,1,0,1,2,0.28,0.4,6
330,6,0,4,2,0,0,4,0.28,1.62,6
320,8,2,4,2,0,0,3,0.28,1.21,0
354,7,2,3,2,0,0,3,0.28,1.21,6
404,6,2,2,2,0,0,4,0.28,1.21,6
1625,3,1,2,0,0,1,1,0.28,1.21,4
1665,2,1,1,0,0,1,4,0.28,1.21,0
1671,6,3,4,0,0,0,6,0.28,0.81,4
1672,6,3,4,0,0,0,6,0.28,0.81,4
691,5,2,1,2,0,1,4,0.28,0.81,10
204,7,2,2,3,0,1,4,0.28,1.21,10
1061,3,1,1,1,0,0,4,0.28,1.21,8
273,9,2,5,2,0,0,5,0.27,0.4,8
323,7,1,4,2,0,0,4,0.27,0.4,10
1361,8,2,6,0,0,0,4,0.27,0.81,10
300,8,2,4,2,0,0,1,0.27,0.4,4
1477,4,2,2,0,0,0,3,0.27,0.81,4
502,4,1,1,2,0,0,4,0.27,0.81,6
722,3,0,1,2,0,1,4,0.26,0.4,2
1064,3,1,1,1,0,0,4,0.26,1.21,4
721,3,0,1,2,0,1,4,0.26,0.4,6
877,6,2,3,1,0,0,4,0.26,0.81,2
1118,7,2,4,1,0,1,2,0.26,0.05,6
981,4,1,2,1,0,0,4,0.26,0.81,6
181,4,0,1,3,0,0,3,0.25,0.81,0
216,5,0,2,3,0,1,4,0.25,0.81,10
245,10,2,6,2,0,0,4,0.25,0.1,6
370,7,2,3,2,0,0,5,0.25,0.81,8
501,4,1,1,2,0,0,4,0.24,1.21,8
1609,4,2,2,0,0,1,2,0.24,0.81,6
1653,3,2,1,0,0,1,4,0.24,0.81,0
21,9,2,2,5,0,0,5,0.24,0.4,0
380,7,2,3,2,0,0,5,0.24,0.81,1
189,8,1,4,3,0,1,5,0.24,0.81,4
252,10,2,6,2,0,0,5,0.24,0.81,2
796,7,2,4,1,0,0,4,0.23,0.81,8
1370,7,2,5,0,0,0,4,0.23,0.61,4
375,7,2,3,2,0,0,5,0.23,0.81,6
709,4,1,1,2,0,1,4,0.23,0.4,6
1346,2,0,1,1,0,1,4,0.23,0.4,6
880,6,2,3,1,0,0,4,0.22,0.81,2
40,10,2,4,4,1,0,1,0.22,0.4,6
819,7,2,4,1,0,0,3,0.22,0.81,0
1279,4,2,1,1,0,1,4,0.22,0.81,10
1288,4,2,1,1,0,1,4,0.22,0.81,2
1318,4,2,1,1,1,1,2,0.22,0.81,0
218,7,3,1,3,0,1,4,0.22,0.81,10
1437,5,2,3,0,0,0,5,0.22,0.4,1
1689,0,0,2,0,0,0,4,0.22,0.4,4
687,5,2,1,2,0,1,4,0.21,0.4,6
551,7,2,3,2,0,1,3,0.21,0.81,4
620,5,1,2,2,0,1,2,0.21,0.4,10
70,7,2,1,4,0,1,4,0.21,0.4,4
1255,4,1,2,1,0,1,5,0.21,0.81,4
989,4,1,2,1,0,0,4,0.21,0.81,10
618,6,2,2,2,0,1,6,0.2,0.81,0
619,6,2,2,2,0,1,6,0.2,0.81,0
704,5,2,1,2,0,1,4,0.2,0.81,0
1444,4,1,3,0,0,0,4,0.2,0.81,8
1535,2,1,1,0,0,0,4,0.2,0.81,0
1456,5,3,2,0,0,0,4,0.2,0.4,6
1601,5,3,2,0,0,1,4,0.2,0.4,10
1531,2,1,1,0,0,0,4,0.2,0.4,10
1161,6,2,3,1,0,1,4,0.19,0.4,8
720,3,0,1,2,0,1,4,0.19,0.4,1
822,6,1,4,1,0,0,4,0.19,0.4,4
242,10,1,7,2,0,0,4,0.19,0.81,6
23,8,1,2,5,0,0,4,0.18,1.21,0
16,11,2,4,5,0,0,4,0.18,0.81,6
1076,3,1,1,1,0,0,4,0.18,0.81,4
12,13,3,5,5,0,0,6,0.18,0.81,2
13,13,3,5,5,0,0,6,0.18,0.81,2
1265,5,3,1,1,0,1,4,0.18,0.4,6
911,5,1,3,1,0,0,4,0.18,0.4,8
394,6,1,3,2,0,0,5,0.17,0.4,10
68,7,2,1,4,0,1,4,0.16,0.81,10
500,4,1,1,2,0,0,4,0.16,0.81,8
628,5,1,2,2,0,1,4,0.16,0.81,8
629,5,1,2,2,0,1,4,0.16,0.81,4
419,6,2,2,2,0,0,4,0.15,0.4,4
1258,3,0,2,1,0,1,4,0.15,0.61,10
136,7,1,3,3,0,0,4,0.15,0.4,4
734,10,2,7,1,0,0,5,0.14,0.4,10
1016,4,2,1,1,0,0,4,0.14,0.4,6
1308,4,2,1,1,0,1,4,0.14,0.4,8
1666,2,1,1,0,0,1,4,0.13,0.4,0
281,8,1,5,2,0,0,4,0.13,0.4,10
1199,5,2,2,1,0,1,1,0.12,0.32,6
525,8,2,4,2,0,1,4,0.12,0.4,8
909,5,1,3,1,0,0,4,0.11,0.4,8
986,4,1,2,1,0,0,4,0.1,0.4,4
791,7,2,4,1,1,0,1,0.1,0.2,6
1209,5,2,2,1,0,1,4,0.1,0.2,10
655,5,2,1,2,0,1,4,0.08,0.2,10
1344,2,0,1,1,0,1,4,0.06,0.4,4
78,11,2,6,3,0,0,1,0.06,0.2,2
191,8,2,3,3,0,1,2,0.03,0.05,4
196,6,0,3,3,0,1,1,0.02,0.4,8
17,8,0,3,5,0,0,5,0,0.4,1
43,8,0,4,4,0,0,2,0,0.4,10
